Store,Product,Start Inventory,Sales,Missed Sales,End Inventory,In Transit W+1,In Transit W+2,Holding Cost,Shortage Cost,Cumulative Holding Cost,Cumulative Shortage Cost
0,126,6,0,0.0,6,0,0,1.2000000000000002,0.0,5.400000000000001,0.0
0,182,1,0,0.0,1,0,1,0.2,0.0,1.0,0.0
1,124,11,11,2.0,0,11,13,0.0,2.0,0.0,16.0
2,124,10,10,5.0,0,12,14,0.0,5.0,0.6000000000000001,17.0
2,126,5,0,0.0,5,0,0,1.0,0.0,4.6,0.0
3,126,5,0,0.0,5,0,0,1.0,0.0,4.4,0.0
4,124,15,15,1.0,0,10,11,0.0,1.0,3.2,2.0
4,126,4,0,0.0,4,0,0,0.8,0.0,3.4000000000000004,0.0
5,126,10,7,0.0,3,1,0,0.6000000000000001,0.0,4.2,1.0
6,124,10,10,0.0,0,9,12,0.0,0.0,0.8,15.0
7,126,6,0,0.0,6,0,0,1.2000000000000002,0.0,3.2,1.0
8,126,6,0,0.0,6,0,1,1.2000000000000002,0.0,6.4,0.0
9,49,1,0,0.0,1,0,0,0.2,0.0,0.6000000000000001,1.0
9,124,29,15,0.0,14,19,17,2.8000000000000003,0.0,4.4,16.0
9,126,7,0,0.0,7,2,0,1.4,0.0,2.6000000000000005,5.0
10,126,2,0,0.0,2,0,1,0.4,0.0,2.6,0.0
11,126,4,0,0.0,4,0,0,0.8,0.0,2.0,0.0
12,124,12,4,0.0,8,8,11,1.6,0.0,4.0,5.0
13,103,6,3,0.0,3,0,0,0.6000000000000001,0.0,4.2,0.0
14,124,20,12,0.0,8,20,23,1.6,0.0,1.6,37.0
14,126,2,2,1.0,0,2,2,0.0,1.0,2.6,1.0
15,126,4,0,0.0,4,0,0,0.8,0.0,3.4000000000000004,0.0
16,126,6,0,0.0,6,1,0,1.2000000000000002,0.0,3.4000000000000004,0.0
17,126,7,0,0.0,7,1,0,1.4,0.0,5.2,0.0
18,124,16,16,0.0,0,17,17,0.0,0.0,0.0,30.0
18,126,5,0,0.0,5,0,0,1.0,0.0,4.6000000000000005,0.0
19,17,26,24,0.0,2,12,21,0.4,0.0,6.400000000000001,0.0
19,103,14,0,0.0,14,0,0,2.8000000000000003,0.0,10.6,0.0
20,126,4,0,0.0,4,0,1,0.8,0.0,5.0,0.0
21,124,14,14,4.0,0,11,15,0.0,4.0,7.0,4.0
21,126,1,0,0.0,1,2,2,0.2,0.0,1.0,1.0
22,126,6,3,0.0,3,1,1,0.6000000000000001,0.0,4.0,0.0
23,124,14,4,0.0,10,9,10,2.0,0.0,5.2,2.0
24,126,5,5,6.0,0,0,0,0.0,6.0,2.8,6.0
25,124,12,12,2.0,0,11,14,0.0,2.0,0.4,25.0
25,126,11,0,0.0,11,1,0,2.2,0.0,7.6,0.0
26,126,6,5,0.0,1,3,3,0.2,0.0,1.2,0.0
27,124,11,5,0.0,6,10,11,1.2000000000000002,0.0,1.2000000000000002,14.0
27,126,4,0,0.0,4,2,1,0.8,0.0,1.0,9.0
28,17,24,23,0.0,1,12,22,0.2,0.0,9.4,0.0
28,103,9,5,0.0,4,0,0,0.8,0.0,7.0,0.0
29,17,18,15,0.0,3,9,12,0.6000000000000001,0.0,3.0000000000000004,9.0
30,126,1,0,0.0,1,2,3,0.2,0.0,0.4,2.0
31,126,6,4,0.0,2,0,0,0.4,0.0,3.8,0.0
32,124,11,6,0.0,5,10,11,1.0,0.0,1.0,6.0
32,126,7,0,0.0,7,0,0,1.4,0.0,5.200000000000001,0.0
33,126,6,5,0.0,1,1,0,0.2,0.0,2.8000000000000003,0.0
34,17,19,13,0.0,6,8,7,1.2000000000000002,0.0,4.2,4.0
34,103,7,0,0.0,7,0,0,1.4,0.0,5.200000000000001,0.0
35,17,26,10,0.0,16,8,6,3.2,0.0,9.6,1.0
36,124,11,3,0.0,8,12,11,1.6,0.0,2.2,7.0
36,126,5,0,0.0,5,0,0,1.0,0.0,3.8,0.0
37,103,7,2,0.0,5,2,1,1.0,0.0,4.2,0.0
38,126,2,0,0.0,2,0,2,0.4,0.0,2.8,0.0
39,17,12,11,0.0,1,7,7,0.2,0.0,2.2,1.0
40,17,11,11,24.0,0,11,13,0.0,24.0,0.0,58.0
40,103,5,5,0.0,0,0,0,0.0,0.0,3.6,0.0
41,17,25,15,0.0,10,8,6,2.0,0.0,8.6,0.0
41,103,2,0,0.0,2,2,2,0.4,0.0,1.2000000000000002,1.0
42,17,6,6,1.0,0,4,5,0.0,1.0,0.8,4.0
42,103,2,0,0.0,2,2,1,0.4,0.0,1.0,2.0
43,17,11,6,0.0,5,5,5,1.0,0.0,2.2,3.0
44,17,18,14,0.0,4,9,13,0.8,0.0,5.8,0.0
44,103,3,0,0.0,3,2,1,0.6000000000000001,0.0,2.8000000000000003,0.0
45,17,32,12,0.0,20,7,11,4.0,0.0,16.6,0.0
45,103,10,0,0.0,10,0,0,2.0,0.0,8.4,0.0
46,126,5,0,0.0,5,0,2,1.0,0.0,4.4,0.0
47,124,9,7,0.0,2,7,8,0.4,0.0,1.2000000000000002,7.0
48,126,8,0,0.0,8,0,0,1.6,0.0,7.0,0.0
49,17,23,9,0.0,14,9,7,2.8000000000000003,0.0,6.2,13.0
49,103,6,0,0.0,6,0,0,1.2000000000000002,0.0,5.6000000000000005,0.0
50,126,3,0,0.0,3,4,5,0.6000000000000001,0.0,1.6,5.0
51,124,7,7,3.0,0,8,10,0.0,3.0,0.2,18.0
52,126,3,3,0.0,0,0,2,0.0,0.0,3.8,0.0
52,239,3,0,0.0,3,0,0,0.6000000000000001,0.0,1.8000000000000005,0.0
53,17,21,11,0.0,10,9,7,2.0,0.0,5.0,7.0
54,17,13,13,0.0,0,11,11,0.0,0.0,1.0,3.0
54,103,4,2,0.0,2,1,0,0.4,0.0,1.7999999999999998,0.0
55,103,7,2,0.0,5,0,0,1.0,0.0,5.2,0.0
56,126,1,1,1.0,0,1,2,0.0,1.0,1.6,1.0
57,17,15,3,0.0,12,7,6,2.4000000000000004,0.0,6.200000000000001,0.0
58,17,18,6,0.0,12,6,8,2.4000000000000004,0.0,6.2,1.0
59,126,4,3,0.0,1,1,1,0.2,0.0,1.8,0.0
60,2,2,2,0.0,0,1,1,0.0,0.0,0.4,2.0
60,3,1,0,0.0,1,2,3,0.2,0.0,0.8,0.0
60,4,4,3,0.0,1,1,1,0.2,0.0,1.2,3.0
60,7,1,0,0.0,1,1,2,0.2,0.0,0.2,2.0
60,8,4,3,0.0,1,0,0,0.2,0.0,1.2,1.0
60,10,2,0,0.0,2,1,1,0.4,0.0,1.0,0.0
60,18,1,1,0.0,0,1,1,0.0,0.0,0.0,0.0
60,19,1,1,1.0,0,0,2,0.0,1.0,0.2,3.0
60,20,1,0,0.0,1,0,2,0.2,0.0,0.4,1.0
60,21,1,1,1.0,0,1,1,0.0,1.0,0.0,3.0
60,22,1,0,0.0,1,1,2,0.2,0.0,0.4,3.0
60,23,94,52,0.0,42,78,41,8.4,0.0,13.8,71.0
60,25,2,0,0.0,2,2,2,0.4,0.0,1.2000000000000002,2.0
60,28,3,0,0.0,3,0,0,0.6000000000000001,0.0,2.0,0.0
60,29,2,0,0.0,2,2,1,0.4,0.0,2.4,0.0
60,30,4,0,0.0,4,0,1,0.8,0.0,3.0,0.0
60,33,1,1,1.0,0,1,1,0.0,1.0,0.0,4.0
60,39,1,1,1.0,0,1,1,0.0,1.0,0.0,4.0
60,40,1,0,0.0,1,0,2,0.2,0.0,1.2,1.0
60,41,3,0,0.0,3,0,0,0.6000000000000001,0.0,2.2,0.0
60,42,2,0,0.0,2,1,1,0.4,0.0,0.6000000000000001,3.0
60,45,3,1,0.0,2,3,3,0.4,0.0,1.2000000000000002,4.0
60,47,17,15,0.0,2,13,14,0.4,0.0,0.4,29.0
60,48,17,15,0.0,2,12,11,0.4,0.0,0.8,22.0
60,49,1,1,1.0,0,1,1,0.0,1.0,0.0,3.0
60,51,3,0,0.0,3,1,1,0.6000000000000001,0.0,1.8000000000000005,0.0
60,55,1,1,2.0,0,3,2,0.0,2.0,0.4,9.0
60,56,2,1,0.0,1,0,1,0.2,0.0,2.0,0.0
60,61,2,1,0.0,1,0,1,0.2,0.0,1.4,0.0
60,64,1,1,0.0,0,1,2,0.0,0.0,0.0,3.0
60,65,1,0,0.0,1,1,1,0.2,0.0,0.4,1.0
60,67,3,0,0.0,3,0,1,0.6000000000000001,0.0,2.2,0.0
60,87,0,0,2.0,0,2,3,0.0,2.0,0.8,9.0
60,88,3,2,0.0,1,3,4,0.2,0.0,0.4,12.0
60,89,1,0,0.0,1,1,1,0.2,0.0,0.2,3.0
60,91,0,0,1.0,0,0,2,0.0,1.0,0.6000000000000001,2.0
60,92,1,0,0.0,1,1,2,0.2,0.0,0.2,3.0
60,94,0,0,0.0,0,1,2,0.0,0.0,0.4,2.0
60,99,5,2,0.0,3,7,8,0.6000000000000001,0.0,1.6,5.0
60,100,0,0,0.0,0,1,2,0.0,0.0,0.8,2.0
60,105,5,5,1.0,0,2,0,0.0,1.0,0.4,4.0
60,106,1,1,1.0,0,1,1,0.0,1.0,0.4,1.0
60,109,6,6,2.0,0,6,7,0.0,2.0,0.0,15.0
60,111,0,0,1.0,0,1,2,0.0,1.0,0.4,3.0
60,112,0,0,1.0,0,1,2,0.0,1.0,0.2,4.0
60,114,1,0,0.0,1,1,2,0.2,0.0,1.8,0.0
60,116,2,2,0.0,0,0,0,0.0,0.0,2.0,0.0
60,121,1,0,0.0,1,1,1,0.2,0.0,0.4,1.0
60,122,2,1,0.0,1,1,1,0.2,0.0,0.4,1.0
60,124,11,8,0.0,3,8,6,0.6000000000000001,0.0,2.0,1.0
60,125,94,69,0.0,25,88,85,5.0,0.0,6.2,32.0
60,126,29,2,0.0,27,0,0,5.4,0.0,20.4,0.0
60,128,2,0,0.0,2,1,2,0.4,0.0,0.8,3.0
60,153,0,0,1.0,0,1,2,0.0,1.0,0.8,2.0
60,154,1,1,2.0,0,2,4,0.0,2.0,0.0,11.0
60,156,2,2,4.0,0,2,2,0.0,4.0,0.2,10.0
60,163,2,1,0.0,1,1,1,0.2,0.0,1.2,0.0
60,164,1,1,0.0,0,1,2,0.0,0.0,0.6000000000000001,3.0
60,165,2,0,0.0,2,0,1,0.4,0.0,1.6,0.0
60,166,3,2,0.0,1,1,0,0.2,0.0,0.8,2.0
60,167,1,1,1.0,0,1,2,0.0,1.0,0.0,4.0
60,168,3,3,0.0,0,0,0,0.0,0.0,1.4,0.0
60,169,1,1,0.0,0,1,2,0.0,0.0,0.6000000000000001,2.0
60,170,1,1,0.0,0,1,2,0.0,0.0,0.4,2.0
60,172,3,1,0.0,2,1,0,0.4,0.0,1.2000000000000002,0.0
60,174,3,3,2.0,0,1,1,0.0,2.0,0.4,3.0
60,175,2,2,0.0,0,1,1,0.0,0.0,0.6000000000000001,0.0
60,176,2,0,0.0,2,1,1,0.4,0.0,0.6000000000000001,1.0
60,180,2,0,0.0,2,1,1,0.4,0.0,1.6,0.0
60,192,1,0,0.0,1,1,1,0.2,0.0,0.2,2.0
60,201,2,1,0.0,1,1,1,0.2,0.0,0.8,1.0
60,210,1,0,0.0,1,0,2,0.2,0.0,1.2,0.0
60,211,1,1,0.0,0,1,2,0.0,0.0,0.8,0.0
60,213,3,1,0.0,2,1,0,0.4,0.0,1.2000000000000002,1.0
60,214,3,3,0.0,0,3,4,0.0,0.0,0.0,16.0
60,215,1,0,0.0,1,1,1,0.2,0.0,0.4,2.0
60,216,1,1,1.0,0,2,2,0.0,1.0,0.0,7.0
60,226,7,5,0.0,2,2,1,0.4,0.0,1.4,7.0
60,229,2,1,0.0,1,1,2,0.2,0.0,0.6000000000000001,1.0
60,235,10,1,0.0,9,0,0,1.8,0.0,6.6,0.0
60,236,10,0,0.0,10,0,0,2.0,0.0,8.0,0.0
60,237,9,0,0.0,9,0,0,1.8,0.0,7.399999999999999,0.0
60,240,1,1,0.0,0,1,1,0.0,0.0,0.0,5.0
60,243,0,0,1.0,0,1,2,0.0,1.0,0.6000000000000001,1.0
60,250,4,0,0.0,4,0,0,0.8,0.0,3.4000000000000004,0.0
60,263,2,0,0.0,2,1,1,0.4,0.0,1.4,0.0
60,265,2,2,0.0,0,1,1,0.0,0.0,1.2000000000000002,0.0
60,266,2,0,0.0,2,1,1,0.4,0.0,1.6,0.0
60,267,3,0,0.0,3,0,0,0.6000000000000001,0.0,1.8000000000000005,0.0
60,268,3,0,0.0,3,1,0,0.6000000000000001,0.0,1.2000000000000002,1.0
60,270,2,1,0.0,1,1,1,0.2,0.0,0.8,2.0
60,272,0,0,0.0,0,0,2,0.0,0.0,0.8,0.0
60,276,2,0,0.0,2,0,1,0.4,0.0,1.4,0.0
60,278,2,0,0.0,2,0,1,0.4,0.0,2.6,0.0
60,279,1,0,0.0,1,1,1,0.2,0.0,1.0,0.0
60,280,2,0,0.0,2,0,1,0.4,0.0,1.4,0.0
60,281,1,1,1.0,0,0,2,0.0,1.0,1.0,1.0
60,282,2,1,0.0,1,1,1,0.2,0.0,1.4,0.0
60,289,1,0,0.0,1,1,1,0.2,0.0,0.2,1.0
60,296,3,0,0.0,3,0,0,0.6000000000000001,0.0,1.2000000000000002,0.0
61,0,1,0,0.0,1,1,2,0.2,0.0,0.4,7.0
61,2,0,0,3.0,0,0,2,0.0,3.0,2.2,5.0
61,3,4,2,0.0,2,1,1,0.4,0.0,1.0,0.0
61,4,4,2,0.0,2,2,1,0.4,0.0,1.2000000000000002,3.0
61,5,1,0,0.0,1,1,1,0.2,0.0,0.2,0.0
61,7,5,1,0.0,4,0,0,0.8,0.0,2.0,0.0
61,8,5,1,0.0,4,1,1,0.8,0.0,3.4000000000000004,0.0
61,9,3,0,0.0,3,0,0,0.6000000000000001,0.0,2.0,0.0
61,10,2,2,0.0,0,1,1,0.0,0.0,0.2,2.0
61,11,3,2,0.0,1,0,1,0.2,0.0,1.8,0.0
61,12,0,0,1.0,0,0,2,0.0,1.0,0.4,3.0
61,13,2,0,0.0,2,1,0,0.4,0.0,0.6000000000000001,1.0
61,14,2,1,0.0,1,0,1,0.2,0.0,1.6,0.0
61,15,4,3,0.0,1,5,6,0.2,0.0,1.6,5.0
61,19,2,1,0.0,1,1,1,0.2,0.0,0.8,0.0
61,20,1,0,0.0,1,1,2,0.2,0.0,0.6000000000000001,1.0
61,21,2,1,0.0,1,1,0,0.2,0.0,0.4,2.0
61,22,2,2,1.0,0,1,1,0.0,1.0,0.8,2.0
61,23,118,106,0.0,12,87,53,2.4000000000000004,0.0,13.6,27.0
61,24,3,3,2.0,0,1,1,0.0,2.0,1.7999999999999998,2.0
61,26,0,0,0.0,0,2,2,0.0,0.0,0.6000000000000001,2.0
61,27,9,0,0.0,9,0,0,1.8,0.0,8.200000000000001,0.0
61,29,5,0,0.0,5,0,0,1.0,0.0,4.2,0.0
61,30,6,0,0.0,6,0,0,1.2000000000000002,0.0,5.2,0.0
61,31,0,0,1.0,0,0,2,0.0,1.0,1.2000000000000002,1.0
61,32,3,2,0.0,1,0,1,0.2,0.0,2.2,0.0
61,33,2,1,0.0,1,1,1,0.2,0.0,0.4,1.0
61,34,4,1,0.0,3,0,0,0.6000000000000001,0.0,2.6,0.0
61,35,1,1,0.0,0,1,1,0.0,0.0,0.2,2.0
61,36,3,0,0.0,3,1,0,0.6000000000000001,0.0,1.4,0.0
61,37,3,2,0.0,1,0,0,0.2,0.0,0.8,0.0
61,38,2,1,0.0,1,2,2,0.2,0.0,0.6000000000000001,5.0
61,39,4,2,0.0,2,4,3,0.4,0.0,0.6000000000000001,9.0
61,42,1,1,0.0,0,1,2,0.0,0.0,1.8000000000000005,2.0
61,43,4,1,0.0,3,0,0,0.6000000000000001,0.0,2.6,0.0
61,44,3,0,0.0,3,0,1,0.6000000000000001,0.0,2.0,0.0
61,45,3,0,0.0,3,2,2,0.6000000000000001,0.0,2.0,0.0
61,46,0,0,3.0,0,0,2,0.0,3.0,1.2000000000000002,3.0
61,47,36,24,0.0,12,34,33,2.4000000000000004,0.0,8.200000000000001,20.0
61,48,41,31,0.0,10,40,32,2.0,0.0,7.0,27.0
61,49,1,1,0.0,0,2,2,0.0,0.0,0.4,4.0
61,50,3,0,0.0,3,0,1,0.6000000000000001,0.0,2.8000000000000003,0.0
61,51,2,1,0.0,1,1,1,0.2,0.0,1.6,0.0
61,52,4,0,0.0,4,0,0,0.8,0.0,2.8,0.0
61,53,3,1,0.0,2,1,0,0.4,0.0,1.0,1.0
61,54,9,8,0.0,1,9,10,0.2,0.0,1.0,29.0
61,57,4,1,0.0,3,0,0,0.6000000000000001,0.0,1.4,1.0
61,58,3,0,0.0,3,1,0,0.6000000000000001,0.0,1.4,0.0
61,59,2,0,0.0,2,1,1,0.4,0.0,1.4,0.0
61,60,3,0,0.0,3,0,0,0.6000000000000001,0.0,2.0,0.0
61,61,3,0,0.0,3,2,1,0.6000000000000001,0.0,0.8,4.0
61,62,5,5,0.0,0,3,7,0.0,0.0,1.6,1.0
61,63,3,0,0.0,3,0,0,0.6000000000000001,0.0,2.2,0.0
61,64,1,0,0.0,1,1,3,0.2,0.0,1.6,6.0
61,65,2,1,0.0,1,0,1,0.2,0.0,3.2,0.0
61,66,3,0,0.0,3,1,0,0.6000000000000001,0.0,1.2000000000000002,1.0
61,67,1,1,0.0,0,1,2,0.0,0.0,0.4,2.0
61,68,1,1,0.0,0,2,2,0.0,0.0,0.0,4.0
61,69,5,0,0.0,5,0,0,1.0,0.0,2.4,1.0
61,70,3,0,0.0,3,1,0,0.6000000000000001,0.0,1.6,1.0
61,71,2,0,0.0,2,1,1,0.4,0.0,0.4,4.0
61,73,2,0,0.0,2,1,0,0.4,0.0,0.8,1.0
61,75,2,1,0.0,1,0,1,0.2,0.0,0.6000000000000001,0.0
61,76,0,0,6.0,0,1,2,0.0,6.0,0.4,9.0
61,78,2,0,0.0,2,1,0,0.4,0.0,1.7999999999999998,0.0
61,79,2,2,0.0,0,1,1,0.0,0.0,0.2,1.0
61,80,4,2,0.0,2,2,1,0.4,0.0,1.6,0.0
61,81,3,0,0.0,3,0,1,0.6000000000000001,0.0,2.6,0.0
61,82,1,1,0.0,0,2,1,0.0,0.0,0.2,6.0
61,83,0,0,1.0,0,1,2,0.0,1.0,1.0,1.0
61,85,1,1,0.0,0,0,1,0.0,0.0,1.4,0.0
61,87,6,2,0.0,4,2,1,0.8,0.0,3.2,0.0
61,88,8,1,0.0,7,2,2,1.4,0.0,3.4000000000000004,0.0
61,89,1,0,0.0,1,1,2,0.2,0.0,0.4,1.0
61,91,1,0,0.0,1,1,1,0.2,0.0,0.4,2.0
61,92,1,0,0.0,1,1,1,0.2,0.0,1.0,0.0
61,94,1,1,0.0,0,2,1,0.0,0.0,0.4,2.0
61,95,3,2,0.0,1,0,0,0.2,0.0,2.2,0.0
61,98,3,1,0.0,2,0,0,0.4,0.0,1.7999999999999998,0.0
61,99,19,9,0.0,10,8,6,2.0,0.0,6.6000000000000005,0.0
61,100,3,1,0.0,2,1,0,0.4,0.0,1.6,0.0
61,101,1,0,0.0,1,0,1,0.2,0.0,1.2,0.0
61,105,2,2,0.0,0,1,1,0.0,0.0,0.2,6.0
61,107,1,0,0.0,1,1,2,0.2,0.0,0.6000000000000001,5.0
61,108,3,0,0.0,3,0,0,0.6000000000000001,0.0,1.8000000000000005,0.0
61,109,13,12,0.0,1,10,10,0.2,0.0,2.8000000000000003,1.0
61,110,1,0,0.0,1,1,1,0.2,0.0,0.2,2.0
61,113,2,1,0.0,1,1,1,0.2,0.0,1.0,1.0
61,114,3,1,0.0,2,3,4,0.4,0.0,0.4,4.0
61,115,0,0,0.0,0,1,2,0.0,0.0,0.6000000000000001,1.0
61,119,4,1,0.0,3,0,0,0.6000000000000001,0.0,2.6,0.0
61,120,1,0,0.0,1,1,2,0.2,0.0,0.4,3.0
61,121,2,2,0.0,0,1,1,0.0,0.0,1.2000000000000002,0.0
61,123,6,0,0.0,6,2,0,1.2000000000000002,0.0,2.2,0.0
61,124,95,90,0.0,5,95,83,1.0,0.0,12.6,93.0
61,126,32,0,0.0,32,0,0,6.4,0.0,27.4,0.0
61,127,4,0,0.0,4,0,0,0.8,0.0,2.2,0.0
61,128,7,1,0.0,6,1,0,1.2000000000000002,0.0,2.4000000000000004,2.0
61,129,4,2,0.0,2,3,2,0.4,0.0,0.6000000000000001,6.0
61,130,10,4,0.0,6,3,0,1.2000000000000002,0.0,2.8000000000000003,0.0
61,131,4,3,0.0,1,3,2,0.2,0.0,0.4,4.0
61,132,1,1,5.0,0,1,2,0.0,5.0,0.8,5.0
61,133,5,3,0.0,2,3,3,0.4,0.0,2.0,0.0
61,134,0,0,0.0,0,1,1,0.0,0.0,0.4,0.0
61,135,1,0,0.0,1,1,3,0.2,0.0,3.6000000000000005,0.0
61,136,4,0,0.0,4,3,2,0.8,0.0,2.6,0.0
61,137,1,0,0.0,1,0,1,0.2,0.0,1.2,0.0
61,138,1,1,0.0,0,1,1,0.0,0.0,0.4,1.0
61,139,3,0,0.0,3,0,0,0.6000000000000001,0.0,2.0,0.0
61,140,2,2,5.0,0,0,1,0.0,5.0,1.2000000000000002,5.0
61,141,1,1,2.0,0,1,4,0.0,2.0,2.4000000000000004,7.0
61,142,1,0,0.0,1,1,1,0.2,0.0,0.6000000000000001,1.0
61,144,2,2,2.0,0,0,1,0.0,2.0,1.7999999999999998,2.0
61,145,3,1,0.0,2,1,0,0.4,0.0,1.2000000000000002,1.0
61,146,1,1,0.0,0,1,1,0.0,0.0,0.4,1.0
61,148,5,0,0.0,5,0,0,1.0,0.0,4.4,0.0
61,149,2,2,0.0,0,1,3,0.0,0.0,0.4,3.0
61,150,3,3,1.0,0,2,3,0.0,1.0,1.2,1.0
61,152,1,1,1.0,0,1,3,0.0,1.0,1.0,3.0
61,153,4,1,0.0,3,0,0,0.6000000000000001,0.0,3.2,0.0
61,154,8,2,0.0,6,2,1,1.2000000000000002,0.0,5.2,0.0
61,155,4,1,0.0,3,1,1,0.6000000000000001,0.0,2.6,0.0
61,156,2,2,0.0,0,2,2,0.0,0.0,0.2,1.0
61,157,3,0,0.0,3,0,0,0.6000000000000001,0.0,3.0,0.0
61,158,2,1,0.0,1,1,0,0.2,0.0,0.2,3.0
61,166,0,0,3.0,0,1,2,0.0,3.0,0.4,3.0
61,167,1,1,0.0,0,1,1,0.0,0.0,0.0,4.0
61,168,3,0,0.0,3,0,0,0.6000000000000001,0.0,1.8000000000000005,0.0
61,173,1,0,0.0,1,1,1,0.2,0.0,0.4,3.0
61,175,2,2,0.0,0,1,1,0.0,0.0,0.8,0.0
61,178,3,2,0.0,1,1,1,0.2,0.0,0.6000000000000001,0.0
61,179,2,0,0.0,2,1,1,0.4,0.0,1.7999999999999998,0.0
61,180,5,5,3.0,0,1,2,0.0,3.0,2.0,3.0
61,181,1,0,0.0,1,2,2,0.2,0.0,1.0,0.0
61,183,2,0,0.0,2,1,1,0.4,0.0,1.2000000000000002,1.0
61,184,2,0,0.0,2,1,1,0.4,0.0,0.6000000000000001,1.0
61,185,1,0,0.0,1,0,1,0.2,0.0,1.4,0.0
61,187,2,0,0.0,2,1,0,0.4,0.0,1.2000000000000002,2.0
61,188,2,0,0.0,2,0,1,0.4,0.0,1.7999999999999998,0.0
61,190,1,1,0.0,0,1,1,0.0,0.0,0.6000000000000001,2.0
61,192,2,0,0.0,2,0,1,0.4,0.0,1.6,0.0
61,194,1,0,0.0,1,1,1,0.2,0.0,0.4,2.0
61,195,2,0,0.0,2,1,1,0.4,0.0,0.8,2.0
61,196,2,0,0.0,2,1,0,0.4,0.0,0.6000000000000001,1.0
61,197,1,0,0.0,1,1,1,0.2,0.0,0.2,1.0
61,198,0,0,0.0,0,1,2,0.0,0.0,0.2,2.0
61,199,6,1,0.0,5,1,2,1.0,0.0,4.8,0.0
61,200,5,1,0.0,4,2,1,0.8,0.0,1.4,2.0
61,201,0,0,2.0,0,2,4,0.0,2.0,2.0,2.0
61,202,4,4,0.0,0,1,0,0.0,0.0,1.6,0.0
61,208,1,1,0.0,0,0,2,0.0,0.0,0.8,0.0
61,210,3,2,0.0,1,3,3,0.2,0.0,0.2,2.0
61,211,2,2,2.0,0,2,1,0.0,2.0,0.2,3.0
61,212,3,1,0.0,2,1,0,0.4,0.0,1.2000000000000002,0.0
61,213,4,2,0.0,2,0,0,0.4,0.0,2.0,0.0
61,214,10,5,0.0,5,5,3,1.0,0.0,2.2,2.0
61,215,0,0,0.0,0,1,2,0.0,0.0,0.4,2.0
61,216,5,0,0.0,5,1,1,1.0,0.0,4.0,0.0
61,217,4,0,0.0,4,0,0,0.8,0.0,3.0,0.0
61,218,3,3,0.0,0,1,2,0.0,0.0,1.7999999999999998,0.0
61,219,2,1,0.0,1,0,1,0.2,0.0,1.2,0.0
61,220,3,0,0.0,3,1,1,0.6000000000000001,0.0,1.8000000000000005,0.0
61,221,2,0,0.0,2,1,1,0.4,0.0,0.6000000000000001,0.0
61,222,3,0,0.0,3,1,0,0.6000000000000001,0.0,1.2000000000000002,1.0
61,223,1,1,0.0,0,1,1,0.0,0.0,0.2,1.0
61,224,2,0,0.0,2,1,2,0.4,0.0,3.4,0.0
61,226,7,1,0.0,6,9,9,1.2000000000000002,0.0,1.4,20.0
61,230,1,0,0.0,1,0,1,0.2,0.0,1.2,0.0
61,231,1,1,0.0,0,1,1,0.0,0.0,0.4,1.0
61,232,0,0,2.0,0,1,2,0.0,2.0,0.6000000000000001,4.0
61,233,4,1,0.0,3,0,0,0.6000000000000001,0.0,2.2,0.0
61,234,0,0,0.0,0,1,1,0.0,0.0,0.8,2.0
61,238,1,0,0.0,1,1,1,0.2,0.0,0.4,2.0
61,239,2,1,0.0,1,1,1,0.2,0.0,0.8,1.0
61,241,1,1,0.0,0,1,1,0.0,0.0,0.2,2.0
61,242,1,1,0.0,0,1,1,0.0,0.0,0.2,2.0
61,244,4,0,0.0,4,0,0,0.8,0.0,2.8,0.0
61,245,3,1,0.0,2,0,0,0.4,0.0,1.6,0.0
61,246,2,0,0.0,2,1,1,0.4,0.0,0.8,1.0
61,247,1,1,0.0,0,1,1,0.0,0.0,0.0,0.0
61,248,3,0,0.0,3,1,0,0.6000000000000001,0.0,1.4,0.0
61,249,2,1,0.0,1,1,1,0.2,0.0,0.4,0.0
61,251,3,0,0.0,3,1,0,0.6000000000000001,0.0,1.4,0.0
61,252,4,0,0.0,4,0,1,0.8,0.0,2.8,0.0
61,253,3,1,0.0,2,0,1,0.4,0.0,1.6,0.0
61,254,3,0,0.0,3,0,1,0.6000000000000001,0.0,2.4000000000000004,0.0
61,255,0,0,5.0,0,1,2,0.0,5.0,0.6000000000000001,8.0
61,256,0,0,3.0,0,1,2,0.0,3.0,0.4,3.0
61,257,2,0,0.0,2,1,1,0.4,0.0,0.8,2.0
61,258,3,1,0.0,2,0,1,0.4,0.0,2.2000000000000006,0.0
61,259,2,0,0.0,2,1,1,0.4,0.0,1.4,0.0
61,260,2,1,0.0,1,0,1,0.2,0.0,1.4,0.0
61,261,2,0,0.0,2,0,1,0.4,0.0,1.4,1.0
61,262,4,1,0.0,3,0,0,0.6000000000000001,0.0,3.2,0.0
61,263,4,1,0.0,3,0,0,0.6000000000000001,0.0,2.6,0.0
61,264,3,0,0.0,3,1,0,0.6000000000000001,0.0,1.4,0.0
61,265,2,2,0.0,0,0,1,0.0,0.0,2.2,0.0
61,266,1,0,0.0,1,1,1,0.2,0.0,1.4,0.0
61,267,3,1,0.0,2,0,0,0.4,0.0,2.0,0.0
61,268,2,1,0.0,1,0,1,0.2,0.0,1.6,0.0
61,269,1,1,0.0,0,0,1,0.0,0.0,0.6000000000000001,0.0
61,271,2,2,0.0,0,1,0,0.0,0.0,0.6000000000000001,1.0
61,272,2,1,0.0,1,1,1,0.2,0.0,0.4,2.0
61,273,2,2,1.0,0,1,1,0.0,1.0,0.2,5.0
61,274,3,1,0.0,2,0,0,0.4,0.0,1.7999999999999998,0.0
61,275,3,0,0.0,3,0,0,0.6000000000000001,0.0,2.0,0.0
61,276,2,0,0.0,2,1,1,0.4,0.0,2.2,0.0
61,277,1,1,0.0,0,1,1,0.0,0.0,0.8,1.0
61,278,6,1,0.0,5,0,1,1.0,0.0,4.0,0.0
61,279,6,1,0.0,5,0,0,1.0,0.0,3.4,0.0
61,280,0,0,0.0,0,1,2,0.0,0.0,0.6000000000000001,1.0
61,281,4,2,0.0,2,2,1,0.4,0.0,0.8,0.0
61,282,0,0,0.0,0,3,2,0.0,0.0,1.6,1.0
61,284,3,0,0.0,3,1,0,0.6000000000000001,0.0,1.6,0.0
61,285,1,1,0.0,0,1,1,0.0,0.0,0.2,0.0
61,286,4,0,0.0,4,0,0,0.8,0.0,2.8,0.0
61,287,3,0,0.0,3,0,0,0.6000000000000001,0.0,1.2000000000000002,0.0
61,288,1,0,0.0,1,1,1,0.2,0.0,0.4,2.0
61,289,2,1,0.0,1,1,1,0.2,0.0,0.4,2.0
61,291,1,1,0.0,0,1,1,0.0,0.0,0.4,1.0
61,292,1,0,0.0,1,1,1,0.2,0.0,0.2,2.0
61,293,2,1,0.0,1,1,1,0.2,0.0,0.4,1.0
61,295,3,3,1.0,0,0,0,0.0,1.0,1.4,1.0
61,296,3,0,0.0,3,1,0,0.6000000000000001,0.0,1.2000000000000002,2.0
62,1,2,2,2.0,0,1,1,0.0,2.0,0.6000000000000001,3.0
62,2,1,1,0.0,0,1,2,0.0,0.0,0.4,2.0
62,6,0,0,0.0,0,1,2,0.0,0.0,0.4,2.0
62,8,4,0,0.0,4,3,1,0.8,0.0,1.2000000000000002,3.0
62,12,2,1,0.0,1,1,1,0.2,0.0,0.4,1.0
62,13,2,2,0.0,0,1,0,0.0,0.0,0.2,3.0
62,14,2,0,0.0,2,1,1,0.4,0.0,1.4,0.0
62,19,2,1,0.0,1,0,1,0.2,0.0,0.6000000000000001,1.0
62,20,1,1,0.0,0,0,1,0.0,0.0,0.4,0.0
62,21,2,0,0.0,2,1,1,0.4,0.0,0.8,0.0
62,22,3,1,0.0,2,0,0,0.4,0.0,1.7999999999999998,0.0
62,23,64,38,0.0,26,46,64,5.2,0.0,9.2,10.0
62,29,1,1,0.0,0,0,2,0.0,0.0,1.4,0.0
62,37,2,1,0.0,1,1,0,0.2,0.0,1.0,1.0
62,40,2,0,0.0,2,1,1,0.4,0.0,1.0,1.0
62,47,14,14,5.0,0,11,12,0.0,5.0,1.4,22.0
62,48,14,14,4.0,0,11,10,0.0,4.0,1.4,18.0
62,50,1,1,0.0,0,0,1,0.0,0.0,0.2,0.0
62,52,1,1,0.0,0,1,1,0.0,0.0,1.0,0.0
62,61,4,1,0.0,3,1,0,0.6000000000000001,0.0,1.8000000000000005,0.0
62,63,1,0,0.0,1,1,1,0.2,0.0,1.0,1.0
62,64,3,2,0.0,1,2,2,0.2,0.0,0.8,3.0
62,70,2,0,0.0,2,2,1,0.4,0.0,0.6000000000000001,4.0
62,72,1,1,3.0,0,0,1,0.0,3.0,1.2,3.0
62,74,1,0,0.0,1,1,2,0.2,0.0,0.2,3.0
62,77,1,1,0.0,0,1,2,0.0,0.0,0.0,6.0
62,80,6,0,0.0,6,1,1,1.2000000000000002,0.0,2.8000000000000003,0.0
62,84,3,2,0.0,1,1,0,0.2,0.0,0.4,2.0
62,86,2,0,0.0,2,1,1,0.4,0.0,0.6000000000000001,2.0
62,87,4,1,0.0,3,3,4,0.6000000000000001,0.0,0.8,8.0
62,88,3,3,2.0,0,4,3,0.0,2.0,1.0,10.0
62,89,3,0,0.0,3,3,4,0.6000000000000001,0.0,0.6000000000000001,1.0
62,90,2,2,0.0,0,1,1,0.0,0.0,0.0,4.0
62,91,3,2,0.0,1,0,0,0.2,0.0,2.4000000000000004,0.0
62,92,1,1,2.0,0,1,2,0.0,2.0,1.0,3.0
62,93,0,0,1.0,0,1,2,0.0,1.0,0.6000000000000001,1.0
62,94,0,0,5.0,0,1,2,0.0,5.0,0.8,6.0
62,96,3,1,0.0,2,0,0,0.4,0.0,1.7999999999999998,0.0
62,99,11,8,0.0,3,12,14,0.6000000000000001,0.0,0.6000000000000001,24.0
62,100,3,1,0.0,2,1,1,0.4,0.0,0.8,4.0
62,102,2,2,0.0,0,2,2,0.0,0.0,0.4,0.0
62,104,1,1,1.0,0,1,2,0.0,1.0,0.0,5.0
62,107,2,2,1.0,0,2,3,0.0,1.0,0.4,5.0
62,112,3,0,0.0,3,1,0,0.6000000000000001,0.0,1.2000000000000002,1.0
62,113,2,0,0.0,2,0,1,0.4,0.0,2.0,0.0
62,114,2,1,0.0,1,1,1,0.2,0.0,0.2,1.0
62,117,2,0,0.0,2,1,1,0.4,0.0,1.0,0.0
62,118,3,0,0.0,3,0,0,0.6000000000000001,0.0,2.0,0.0
62,119,1,0,0.0,1,2,1,0.2,0.0,0.2,8.0
62,120,4,0,0.0,4,0,0,0.8,0.0,2.8,0.0
62,121,2,1,0.0,1,1,0,0.2,0.0,0.6000000000000001,2.0
62,126,24,12,0.0,12,1,0,2.4000000000000004,0.0,18.6,0.0
62,128,7,3,0.0,4,1,0,0.8,0.0,3.0,0.0
62,135,7,3,0.0,4,0,0,0.8,0.0,5.4,0.0
62,136,2,2,0.0,0,1,2,0.0,0.0,1.2,0.0
62,141,3,0,0.0,3,1,0,0.6000000000000001,0.0,1.8000000000000005,1.0
62,143,5,0,0.0,5,1,0,1.0,0.0,1.6,7.0
62,146,2,2,0.0,0,1,0,0.0,0.0,1.0,2.0
62,147,1,1,0.0,0,1,1,0.0,0.0,0.2,3.0
62,148,3,0,0.0,3,3,1,0.6000000000000001,0.0,1.0,12.0
62,151,3,0,0.0,3,1,0,0.6000000000000001,0.0,1.4,1.0
62,153,1,1,2.0,0,1,1,0.0,2.0,0.4,3.0
62,154,2,2,2.0,0,2,3,0.0,2.0,0.6000000000000001,8.0
62,155,0,0,0.0,0,1,2,0.0,0.0,0.4,0.0
62,156,2,2,1.0,0,2,2,0.0,1.0,1.7999999999999998,1.0
62,159,2,0,0.0,2,2,2,0.4,0.0,0.8,2.0
62,160,2,0,0.0,2,1,1,0.4,0.0,0.8,0.0
62,161,1,1,0.0,0,0,2,0.0,0.0,0.6000000000000001,0.0
62,162,2,0,0.0,2,0,1,0.4,0.0,1.2000000000000002,1.0
62,163,2,1,0.0,1,1,1,0.2,0.0,1.2,0.0
62,164,8,1,0.0,7,1,0,1.4,0.0,2.8,3.0
62,165,0,0,0.0,0,1,2,0.0,0.0,0.6000000000000001,1.0
62,166,2,0,0.0,2,1,1,0.4,0.0,0.8,0.0
62,169,1,1,0.0,0,1,2,0.0,0.0,0.6000000000000001,1.0
62,170,1,1,0.0,0,1,2,0.0,0.0,0.6000000000000001,1.0
62,171,2,0,0.0,2,0,1,0.4,0.0,1.2000000000000002,1.0
62,172,1,1,0.0,0,1,2,0.0,0.0,0.8,1.0
62,175,0,0,3.0,0,1,2,0.0,3.0,0.2,4.0
62,176,4,0,0.0,4,1,0,0.8,0.0,2.8,0.0
62,177,3,0,0.0,3,0,0,0.6000000000000001,0.0,2.6,0.0
62,178,2,1,0.0,1,0,2,0.2,0.0,2.4000000000000004,0.0
62,190,0,0,0.0,0,0,2,0.0,0.0,0.6000000000000001,0.0
62,191,1,1,0.0,0,1,1,0.0,0.0,0.8,0.0
62,192,1,1,0.0,0,1,1,0.0,0.0,0.2,2.0
62,198,1,0,0.0,1,0,1,0.2,0.0,1.6,0.0
62,199,1,1,1.0,0,1,4,0.0,1.0,2.2,5.0
62,202,5,1,0.0,4,0,0,0.8,0.0,3.6,0.0
62,203,2,0,0.0,2,0,1,0.4,0.0,1.7999999999999998,0.0
62,204,1,0,0.0,1,2,3,0.2,0.0,0.6000000000000001,6.0
62,205,2,0,0.0,2,0,1,0.4,0.0,1.6,0.0
62,206,1,1,2.0,0,1,2,0.0,2.0,1.0,3.0
62,209,1,1,0.0,0,1,1,0.0,0.0,0.2,2.0
62,210,2,2,1.0,0,2,2,0.0,1.0,0.4,1.0
62,213,1,1,0.0,0,1,1,0.0,0.0,0.2,2.0
62,214,2,2,3.0,0,3,4,0.0,3.0,1.6,6.0
62,216,1,1,0.0,0,1,2,0.0,0.0,0.6000000000000001,0.0
62,217,2,1,0.0,1,0,1,0.2,0.0,0.6000000000000001,0.0
62,218,3,2,0.0,1,4,3,0.2,0.0,0.4,11.0
62,224,2,0,0.0,2,1,0,0.4,0.0,0.6000000000000001,1.0
62,225,2,1,0.0,1,1,1,0.2,0.0,0.4,0.0
62,226,5,5,6.0,0,6,6,0.0,6.0,0.0,30.0
62,233,1,1,0.0,0,1,2,0.0,0.0,0.2,4.0
62,238,1,0,0.0,1,1,2,0.2,0.0,1.6,0.0
62,239,0,0,0.0,0,1,1,0.0,0.0,0.4,1.0
62,246,2,0,0.0,2,1,1,0.4,0.0,0.6000000000000001,0.0
62,248,2,2,1.0,0,1,1,0.0,1.0,0.4,1.0
62,254,2,1,0.0,1,1,1,0.2,0.0,1.2,0.0
62,262,1,0,0.0,1,1,1,0.2,0.0,0.4,4.0
62,268,2,1,0.0,1,1,1,0.2,0.0,0.6000000000000001,1.0
62,271,2,0,0.0,2,0,1,0.4,0.0,0.8,0.0
62,276,2,0,0.0,2,0,1,0.4,0.0,1.7999999999999998,0.0
62,278,0,0,0.0,0,1,2,0.0,0.0,0.6000000000000001,1.0
62,279,2,2,2.0,0,1,1,0.0,2.0,0.6000000000000001,2.0
62,281,0,0,0.0,0,1,2,0.0,0.0,0.6000000000000001,1.0
62,282,4,4,0.0,0,0,0,0.0,0.0,2.6,0.0
62,283,2,2,0.0,0,1,1,0.0,0.0,0.4,0.0
62,284,3,1,0.0,2,0,0,0.4,0.0,2.2000000000000006,0.0
62,287,3,1,0.0,2,0,0,0.4,0.0,1.7999999999999998,0.0
62,288,0,0,0.0,0,1,2,0.0,0.0,0.4,0.0
62,289,3,0,0.0,3,0,0,0.6000000000000001,0.0,2.4000000000000004,0.0
62,291,3,2,0.0,1,0,0,0.2,0.0,1.6,0.0
62,294,2,2,0.0,0,0,0,0.0,0.0,1.0,1.0
62,296,2,0,0.0,2,0,1,0.4,0.0,1.0,2.0
63,2,1,0,0.0,1,0,2,0.2,0.0,0.6000000000000001,6.0
63,19,2,0,0.0,2,0,1,0.4,0.0,1.4,0.0
63,23,107,31,0.0,76,69,37,15.2,0.0,33.4,0.0
63,27,3,0,0.0,3,0,0,0.6000000000000001,0.0,1.8000000000000005,0.0
63,30,4,0,0.0,4,0,1,0.8,0.0,3.2,0.0
63,47,15,10,0.0,5,12,8,1.0,0.0,1.0,31.0
63,48,14,10,0.0,4,12,8,0.8,0.0,0.8,28.0
63,49,2,0,0.0,2,1,2,0.4,0.0,0.4,4.0
63,53,2,1,0.0,1,0,1,0.2,0.0,1.4,0.0
63,54,9,5,0.0,4,7,8,0.8,0.0,0.8,21.0
63,56,5,0,0.0,5,0,0,1.0,0.0,4.2,0.0
63,63,3,0,0.0,3,1,1,0.6000000000000001,0.0,2.6,0.0
63,73,1,0,0.0,1,1,1,0.2,0.0,0.2,3.0
63,83,2,0,0.0,2,1,0,0.4,0.0,0.6000000000000001,0.0
63,87,3,0,0.0,3,1,0,0.6000000000000001,0.0,1.2000000000000002,1.0
63,88,1,1,0.0,0,0,1,0.0,0.0,0.8,2.0
63,92,2,1,0.0,1,1,1,0.2,0.0,1.0,0.0
63,97,2,0,0.0,2,0,1,0.4,0.0,1.6,0.0
63,99,7,5,0.0,2,2,3,0.4,0.0,3.4,0.0
63,100,3,1,0.0,2,0,0,0.4,0.0,1.0,0.0
63,107,3,1,0.0,2,2,2,0.4,0.0,0.4,5.0
63,111,5,1,0.0,4,1,1,0.8,0.0,1.8,2.0
63,113,1,1,0.0,0,0,2,0.0,0.0,0.2,7.0
63,119,4,0,0.0,4,0,0,0.8,0.0,2.8,0.0
63,124,97,97,4.0,0,91,86,0.0,4.0,0.0,106.0
63,126,21,4,0.0,17,6,6,3.4000000000000004,0.0,7.2,0.0
63,128,1,0,0.0,1,2,1,0.2,0.0,0.2,9.0
63,135,4,3,0.0,1,0,0,0.2,0.0,2.4000000000000004,0.0
63,136,7,2,0.0,5,1,0,1.0,0.0,2.2,1.0
63,138,2,0,0.0,2,0,0,0.4,0.0,1.6,0.0
63,154,2,1,0.0,1,0,1,0.2,0.0,1.2,1.0
63,160,3,1,0.0,2,0,0,0.4,0.0,1.7999999999999998,0.0
63,168,3,2,0.0,1,0,0,0.2,0.0,1.8,0.0
63,169,2,0,0.0,2,1,1,0.4,0.0,0.8,1.0
63,178,3,1,0.0,2,1,0,0.4,0.0,0.8,0.0
63,186,32,21,0.0,11,16,17,2.2,0.0,4.6000000000000005,7.0
63,188,2,0,0.0,2,1,1,0.4,0.0,1.0,2.0
63,189,2,0,0.0,2,2,1,0.4,0.0,1.0,1.0
63,200,3,1,0.0,2,0,0,0.4,0.0,2.0,0.0
63,207,2,0,0.0,2,1,1,0.4,0.0,0.8,1.0
63,213,2,0,0.0,2,1,1,0.4,0.0,1.0,1.0
63,214,1,1,0.0,0,1,2,0.0,0.0,0.2,6.0
63,218,3,0,0.0,3,1,0,0.6000000000000001,0.0,1.0,1.0
63,227,0,0,0.0,0,2,4,0.0,0.0,0.4,13.0
63,228,3,0,0.0,3,0,0,0.6000000000000001,0.0,2.6,0.0
63,234,2,2,0.0,0,0,1,0.0,0.0,1.2000000000000002,0.0
63,237,1,1,1.0,0,1,2,0.0,1.0,0.4,4.0
63,239,1,1,0.0,0,1,1,0.0,0.0,0.6000000000000001,1.0
63,240,2,2,1.0,0,2,2,0.0,1.0,0.4,8.0
63,268,1,0,0.0,1,1,1,0.2,0.0,0.4,3.0
63,278,2,0,0.0,2,1,1,0.4,0.0,1.6,0.0
63,279,3,0,0.0,3,0,1,0.6000000000000001,0.0,2.4000000000000004,0.0
63,284,0,0,1.0,0,1,2,0.0,1.0,1.0,2.0
63,290,3,0,0.0,3,0,0,0.6000000000000001,0.0,2.4000000000000004,0.0
64,4,3,0,0.0,3,0,1,0.6000000000000001,0.0,2.4000000000000004,0.0
64,16,11,4,0.0,7,3,3,1.4,0.0,3.4000000000000004,2.0
64,17,106,36,0.0,70,20,33,14.0,0.0,44.6,0.0
64,20,2,1,0.0,1,1,1,0.2,0.0,0.6000000000000001,0.0
64,21,4,0,0.0,4,1,0,0.8,0.0,2.0,0.0
64,23,135,27,0.0,108,5,0,21.6,0.0,64.80000000000001,0.0
64,55,8,2,0.0,6,1,0,1.2000000000000002,0.0,3.000000000000001,1.0
64,63,1,0,0.0,1,1,1,0.2,0.0,0.4,0.0
64,103,13,0,0.0,13,2,1,2.6,0.0,10.8,0.0
64,150,2,0,0.0,2,1,0,0.4,0.0,1.0,0.0
64,193,1,0,0.0,1,1,1,0.2,0.0,0.8,2.0
64,238,1,1,0.0,0,0,1,0.0,0.0,1.0,0.0
65,126,3,3,2.0,0,4,4,0.0,2.0,0.0,5.0
66,124,14,6,0.0,8,8,6,1.6,0.0,2.8000000000000003,3.0
66,126,5,3,0.0,2,4,2,0.4,0.0,0.8,10.0
