date,day_of_week,month_1,month_2,month_3,month_4,month_5,month_6,month_7,month_8,month_9,month_10,month_11,month_12,year,day_of_month,days_from_christmas,week_of_year,weeks_since_start,year_fraction,month_sin,month_cos,week_sin,week_cos,is_month_end,is_quarter_end,is_holiday_week,days_from_easter,days_from_thanksgiving,days_from_black_friday,days_from_newyear,days_from_valentines,days_from_mothers_day,days_from_fathers_day,days_from_halloween,days_from_back_to_school,weeks_to_competition_start,is_competition_period
2021-04-12,0,0,0,0,1,0,0,0,0,0,0,0,0,2021,12,108,15,0,2021.2692307692307,1.0,6.123233995736766e-17,0.992708874098054,-0.12053668025532288,0,0,0,8,138,137,101,57,-27,-69,163,-125,209.14285714285714,0
2021-04-19,0,0,0,0,1,0,0,0,0,0,0,0,0,2021,19,115,16,1,2021.2884615384614,1.0,6.123233995736766e-17,0.9709418174260521,-0.2393156642875575,0,0,0,15,145,144,108,64,-20,-62,170,-118,208.14285714285714,0
2021-04-26,0,0,0,0,1,0,0,0,0,0,0,0,0,2021,26,122,17,2,2021.3076923076924,1.0,6.123233995736766e-17,0.9350162426854148,-0.35460488704253545,0,0,0,22,152,151,115,71,-13,-55,177,-111,207.14285714285714,0
2021-05-03,0,0,0,0,0,1,0,0,0,0,0,0,0,2021,3,129,18,3,2021.326923076923,0.8660254037844387,-0.4999999999999998,0.8854560256532099,-0.4647231720437685,0,0,1,29,159,158,122,78,-6,-48,-181,-104,206.14285714285714,0
2021-05-10,0,0,0,0,0,1,0,0,0,0,0,0,0,2021,10,136,19,4,2021.3461538461538,0.8660254037844387,-0.4999999999999998,0.8229838658936565,-0.5680647467311557,0,0,1,36,166,165,129,85,1,-41,-174,-97,205.14285714285714,0
2021-05-17,0,0,0,0,0,1,0,0,0,0,0,0,0,2021,17,143,20,5,2021.3653846153845,0.8660254037844387,-0.4999999999999998,0.7485107481711013,-0.663122658240795,0,0,0,43,173,172,136,92,8,-34,-167,-90,204.14285714285714,0
2021-05-24,0,0,0,0,0,1,0,0,0,0,0,0,0,2021,24,150,21,6,2021.3846153846155,0.8660254037844387,-0.4999999999999998,0.6631226582407952,-0.7485107481711012,0,0,0,50,180,179,143,99,15,-27,-160,-83,203.14285714285714,0
2021-05-31,0,0,0,0,0,1,0,0,0,0,0,0,0,2021,31,157,22,7,2021.4038461538462,0.8660254037844387,-0.4999999999999998,0.5680647467311558,-0.8229838658936564,1,0,0,57,-178,-179,150,106,22,-20,-153,-76,202.14285714285714,0
2021-06-07,0,0,0,0,0,0,1,0,0,0,0,0,0,2021,7,164,23,8,2021.423076923077,0.49999999999999994,-0.8660254037844387,0.46472317204376906,-0.8854560256532096,0,0,0,64,-171,-172,157,113,29,-13,-146,-69,201.14285714285714,0
2021-06-14,0,0,0,0,0,0,1,0,0,0,0,0,0,2021,14,171,24,9,2021.4423076923076,0.49999999999999994,-0.8660254037844387,0.35460488704253584,-0.9350162426854147,0,0,1,71,-164,-165,164,120,36,-6,-139,-62,200.14285714285714,0
2021-06-21,0,0,0,0,0,0,1,0,0,0,0,0,0,2021,21,178,25,10,2021.4615384615386,0.49999999999999994,-0.8660254037844387,0.23931566428755768,-0.970941817426052,0,0,1,78,-157,-158,171,127,43,1,-132,-55,199.14285714285714,0
2021-06-28,0,0,0,0,0,0,1,0,0,0,0,0,0,2021,28,-180,26,11,2021.4807692307693,0.49999999999999994,-0.8660254037844387,0.12053668025532308,-0.992708874098054,0,0,0,85,-150,-151,178,134,50,8,-125,-48,198.14285714285714,0
2021-07-05,0,0,0,0,0,0,0,1,0,0,0,0,0,2021,5,-173,27,12,2021.5,1.2246467991473532e-16,-1.0,-3.216245299353273e-16,-1.0,0,0,0,92,-143,-144,-180,141,57,15,-118,-41,197.14285714285714,0
2021-07-12,0,0,0,0,0,0,0,1,0,0,0,0,0,2021,12,-166,28,13,2021.5192307692307,1.2246467991473532e-16,-1.0,-0.12053668025532283,-0.992708874098054,0,0,0,99,-136,-137,-173,148,64,22,-111,-34,196.14285714285714,0
2021-07-19,0,0,0,0,0,0,0,1,0,0,0,0,0,2021,19,-159,29,14,2021.5384615384614,1.2246467991473532e-16,-1.0,-0.23931566428755743,-0.9709418174260521,0,0,0,106,-129,-130,-166,155,71,29,-104,-27,195.14285714285714,0
2021-07-26,0,0,0,0,0,0,0,1,0,0,0,0,0,2021,26,-152,30,15,2021.5576923076924,1.2246467991473532e-16,-1.0,-0.3546048870425356,-0.9350162426854148,0,0,0,113,-122,-123,-159,162,78,36,-97,-20,194.14285714285714,0
2021-08-02,0,0,0,0,0,0,0,0,1,0,0,0,0,2021,2,-145,31,16,2021.576923076923,-0.4999999999999997,-0.8660254037844388,-0.46472317204376806,-0.8854560256532101,0,0,0,120,-115,-116,-152,169,85,43,-90,-13,193.14285714285714,0
2021-08-09,0,0,0,0,0,0,0,0,1,0,0,0,0,2021,9,-138,32,17,2021.5961538461538,-0.4999999999999997,-0.8660254037844388,-0.5680647467311556,-0.8229838658936565,0,0,0,127,-108,-109,-145,176,92,50,-83,-6,192.14285714285714,0
2021-08-16,0,0,0,0,0,0,0,0,1,0,0,0,0,2021,16,-131,33,18,2021.6153846153845,-0.4999999999999997,-0.8660254037844388,-0.663122658240795,-0.7485107481711013,0,0,0,134,-101,-102,-138,-182,99,57,-76,1,191.14285714285714,0
2021-08-23,0,0,0,0,0,0,0,0,1,0,0,0,0,2021,23,-124,34,19,2021.6346153846155,-0.4999999999999997,-0.8660254037844388,-0.7485107481711011,-0.6631226582407952,0,0,0,141,-94,-95,-131,-175,106,64,-69,8,190.14285714285714,0
2021-08-30,0,0,0,0,0,0,0,0,1,0,0,0,0,2021,30,-117,35,20,2021.6538461538462,-0.4999999999999997,-0.8660254037844388,-0.8229838658936564,-0.5680647467311559,0,0,0,148,-87,-88,-124,-168,113,71,-62,15,189.14285714285714,0
2021-09-06,0,0,0,0,0,0,0,0,0,1,0,0,0,2021,6,-110,36,21,2021.673076923077,-0.8660254037844384,-0.5000000000000004,-0.8854560256532096,-0.4647231720437691,0,0,0,155,-80,-81,-117,-161,120,78,-55,22,188.14285714285714,0
2021-09-13,0,0,0,0,0,0,0,0,0,1,0,0,0,2021,13,-103,37,22,2021.6923076923076,-0.8660254037844384,-0.5000000000000004,-0.9350162426854147,-0.3546048870425359,0,0,0,162,-73,-74,-110,-154,127,85,-48,29,187.14285714285714,0
2021-09-20,0,0,0,0,0,0,0,0,0,1,0,0,0,2021,20,-96,38,23,2021.7115384615386,-0.8660254037844384,-0.5000000000000004,-0.970941817426052,-0.23931566428755774,0,0,0,169,-66,-67,-103,-147,134,92,-41,36,186.14285714285714,0
2021-09-27,0,0,0,0,0,0,0,0,0,1,0,0,0,2021,27,-89,39,24,2021.7307692307693,-0.8660254037844384,-0.5000000000000004,-0.992708874098054,-0.12053668025532357,0,0,0,176,-59,-60,-96,-140,141,99,-34,43,185.14285714285714,0
2021-10-04,0,0,0,0,0,0,0,0,0,0,1,0,0,2021,4,-82,40,25,2021.75,-1.0,-1.8369701987210297e-16,-1.0,-1.8369701987210297e-16,0,0,0,-182,-52,-53,-89,-133,148,106,-27,50,184.14285714285714,0
2021-10-11,0,0,0,0,0,0,0,0,0,0,1,0,0,2021,11,-75,41,26,2021.7692307692307,-1.0,-1.8369701987210297e-16,-0.992708874098054,0.1205366802553232,0,0,0,-175,-45,-46,-82,-126,155,113,-20,57,183.14285714285714,0
2021-10-18,0,0,0,0,0,0,0,0,0,0,1,0,0,2021,18,-68,42,27,2021.7884615384614,-1.0,-1.8369701987210297e-16,-0.9709418174260521,0.23931566428755738,0,0,0,-168,-38,-39,-75,-119,162,120,-13,64,182.14285714285714,0
2021-10-25,0,0,0,0,0,0,0,0,0,0,1,0,0,2021,25,-61,43,28,2021.8076923076924,-1.0,-1.8369701987210297e-16,-0.9350162426854148,0.35460488704253557,0,0,1,-161,-31,-32,-68,-112,169,127,-6,71,181.14285714285714,0
2021-11-01,0,0,0,0,0,0,0,0,0,0,0,1,0,2021,1,-54,44,29,2021.826923076923,-0.8660254037844386,0.5000000000000001,-0.8854560256532101,0.464723172043768,0,0,1,-154,-24,-25,-61,-105,176,134,1,78,180.14285714285714,0
2021-11-08,0,0,0,0,0,0,0,0,0,0,0,1,0,2021,8,-47,45,30,2021.8461538461538,-0.8660254037844386,0.5000000000000001,-0.822983865893657,0.5680647467311548,0,0,0,-147,-17,-18,-54,-98,-182,141,8,85,179.14285714285714,0
2021-11-15,0,0,0,0,0,0,0,0,0,0,0,1,0,2021,15,-40,46,31,2021.8653846153845,-0.8660254037844386,0.5000000000000001,-0.7485107481711011,0.6631226582407952,0,0,0,-140,-10,-11,-47,-91,-175,148,15,92,178.14285714285714,0
2021-11-22,0,0,0,0,0,0,0,0,0,0,0,1,0,2021,22,-33,47,32,2021.8846153846155,-0.8660254037844386,0.5000000000000001,-0.6631226582407955,0.7485107481711007,0,0,1,-133,-3,-4,-40,-84,-168,155,22,99,177.14285714285714,0
2021-11-29,0,0,0,0,0,0,0,0,0,0,0,1,0,2021,29,-26,48,33,2021.9038461538462,-0.8660254037844386,0.5000000000000001,-0.5680647467311559,0.8229838658936564,0,0,1,-126,4,3,-33,-77,-161,162,29,106,176.14285714285714,0
2021-12-06,0,0,0,0,0,0,0,0,0,0,0,0,1,2021,6,-19,49,34,2021.923076923077,-0.5000000000000004,0.8660254037844384,-0.4647231720437684,0.88545602565321,0,0,0,-119,11,10,-26,-70,-154,169,36,113,175.14285714285714,0
2021-12-13,0,0,0,0,0,0,0,0,0,0,0,0,1,2021,13,-12,50,35,2021.9423076923076,-0.5000000000000004,0.8660254037844384,-0.35460488704253595,0.9350162426854147,0,0,0,-112,18,17,-19,-63,-147,176,43,120,174.14285714285714,0
2021-12-20,0,0,0,0,0,0,0,0,0,0,0,0,1,2021,20,-5,51,36,2021.9615384615386,-0.5000000000000004,0.8660254037844384,-0.2393156642875578,0.970941817426052,0,0,1,-105,25,24,-12,-56,-140,-182,50,127,173.14285714285714,0
2021-12-27,0,0,0,0,0,0,0,0,0,0,0,0,1,2021,27,2,52,37,2021.9807692307693,-0.5000000000000004,0.8660254037844384,-0.12053668025532363,0.992708874098054,0,0,1,-98,32,31,-5,-49,-133,-175,57,134,172.14285714285714,0
2022-01-03,0,1,0,0,0,0,0,0,0,0,0,0,0,2022,3,9,1,38,2022.0,0.0,1.0,0.0,1.0,0,0,1,-104,40,39,2,-42,-125,-167,64,141,171.14285714285714,0
2022-01-10,0,1,0,0,0,0,0,0,0,0,0,0,0,2022,10,16,2,39,2022.0192307692307,0.0,1.0,0.12053668025532305,0.992708874098054,0,0,0,-97,47,46,9,-35,-118,-160,71,148,170.14285714285714,0
2022-01-17,0,1,0,0,0,0,0,0,0,0,0,0,0,2022,17,23,3,40,2022.0384615384614,0.0,1.0,0.23931566428755774,0.970941817426052,0,0,0,-90,54,53,16,-28,-111,-153,78,155,169.14285714285714,0
2022-01-24,0,1,0,0,0,0,0,0,0,0,0,0,0,2022,24,30,4,41,2022.0576923076924,0.0,1.0,0.3546048870425356,0.9350162426854148,0,0,0,-83,61,60,23,-21,-104,-146,85,162,168.14285714285714,0
2022-01-31,0,1,0,0,0,0,0,0,0,0,0,0,0,2022,31,37,5,42,2022.076923076923,0.0,1.0,0.4647231720437685,0.8854560256532099,1,0,0,-76,68,67,30,-14,-97,-139,92,169,167.14285714285714,0
2022-02-07,0,0,1,0,0,0,0,0,0,0,0,0,0,2022,7,44,6,43,2022.0961538461538,0.49999999999999994,0.8660254037844387,0.5680647467311558,0.8229838658936564,0,0,1,-69,75,74,37,-7,-90,-132,99,176,166.14285714285714,0
2022-02-14,0,0,1,0,0,0,0,0,0,0,0,0,0,2022,14,51,7,44,2022.1153846153845,0.49999999999999994,0.8660254037844387,0.6631226582407952,0.7485107481711011,0,0,1,-62,82,81,44,0,-83,-125,106,-182,165.14285714285714,0
2022-02-21,0,0,1,0,0,0,0,0,0,0,0,0,0,2022,21,58,8,45,2022.1346153846155,0.49999999999999994,0.8660254037844387,0.7485107481711011,0.6631226582407953,0,0,1,-55,89,88,51,7,-76,-118,113,-175,164.14285714285714,0
2022-02-28,0,0,1,0,0,0,0,0,0,0,0,0,0,2022,28,65,9,46,2022.1538461538462,0.49999999999999994,0.8660254037844387,0.8229838658936564,0.5680647467311559,1,0,0,-48,96,95,58,14,-69,-111,120,-168,163.14285714285714,0
2022-03-07,0,0,0,1,0,0,0,0,0,0,0,0,0,2022,7,72,10,47,2022.173076923077,0.8660254037844386,0.5000000000000001,0.8854560256532099,0.4647231720437686,0,0,0,-41,103,102,65,21,-62,-104,127,-161,162.14285714285714,0
2022-03-14,0,0,0,1,0,0,0,0,0,0,0,0,0,2022,14,79,11,48,2022.1923076923076,0.8660254037844386,0.5000000000000001,0.9350162426854148,0.35460488704253557,0,0,0,-34,110,109,72,28,-55,-97,134,-154,161.14285714285714,0
2022-03-21,0,0,0,1,0,0,0,0,0,0,0,0,0,2022,21,86,12,49,2022.2115384615386,0.8660254037844386,0.5000000000000001,0.970941817426052,0.23931566428755804,0,0,0,-27,117,116,79,35,-48,-90,141,-147,160.14285714285714,0
2022-03-28,0,0,0,1,0,0,0,0,0,0,0,0,0,2022,28,93,13,50,2022.2307692307693,0.8660254037844386,0.5000000000000001,0.992708874098054,0.120536680255323,0,0,0,-20,124,123,86,42,-41,-83,148,-140,159.14285714285714,0
2022-04-04,0,0,0,0,1,0,0,0,0,0,0,0,0,2022,4,100,14,51,2022.25,1.0,6.123233995736766e-17,1.0,-1.6081226496766364e-16,0,0,0,-13,131,130,93,49,-34,-76,155,-133,158.14285714285714,0
2022-04-11,0,0,0,0,1,0,0,0,0,0,0,0,0,2022,11,107,15,52,2022.2692307692307,1.0,6.123233995736766e-17,0.992708874098054,-0.12053668025532288,0,0,1,-6,138,137,100,56,-27,-69,162,-126,157.14285714285714,0
2022-04-18,0,0,0,0,1,0,0,0,0,0,0,0,0,2022,18,114,16,53,2022.2884615384614,1.0,6.123233995736766e-17,0.9709418174260521,-0.2393156642875575,0,0,1,1,145,144,107,63,-20,-62,169,-119,156.14285714285714,0
2022-04-25,0,0,0,0,1,0,0,0,0,0,0,0,0,2022,25,121,17,54,2022.3076923076924,1.0,6.123233995736766e-17,0.9350162426854148,-0.35460488704253545,0,0,0,8,152,151,114,70,-13,-55,176,-112,155.14285714285714,0
2022-05-02,0,0,0,0,0,1,0,0,0,0,0,0,0,2022,2,128,18,55,2022.326923076923,0.8660254037844387,-0.4999999999999998,0.8854560256532099,-0.4647231720437685,0,0,1,15,159,158,121,77,-6,-48,-182,-105,154.14285714285714,0
2022-05-09,0,0,0,0,0,1,0,0,0,0,0,0,0,2022,9,135,19,56,2022.3461538461538,0.8660254037844387,-0.4999999999999998,0.8229838658936565,-0.5680647467311557,0,0,1,22,166,165,128,84,1,-41,-175,-98,153.14285714285714,0
2022-05-16,0,0,0,0,0,1,0,0,0,0,0,0,0,2022,16,142,20,57,2022.3653846153845,0.8660254037844387,-0.4999999999999998,0.7485107481711013,-0.663122658240795,0,0,0,29,173,172,135,91,8,-34,-168,-91,152.14285714285714,0
2022-05-23,0,0,0,0,0,1,0,0,0,0,0,0,0,2022,23,149,21,58,2022.3846153846155,0.8660254037844387,-0.4999999999999998,0.6631226582407952,-0.7485107481711012,0,0,0,36,180,179,142,98,15,-27,-161,-84,151.14285714285714,0
2022-05-30,0,0,0,0,0,1,0,0,0,0,0,0,0,2022,30,156,22,59,2022.4038461538462,0.8660254037844387,-0.4999999999999998,0.5680647467311558,-0.8229838658936564,0,0,0,43,-178,-179,149,105,22,-20,-154,-77,150.14285714285714,0
2022-06-06,0,0,0,0,0,0,1,0,0,0,0,0,0,2022,6,163,23,60,2022.423076923077,0.49999999999999994,-0.8660254037844387,0.46472317204376906,-0.8854560256532096,0,0,0,50,-171,-172,156,112,29,-13,-147,-70,149.14285714285714,0
2022-06-13,0,0,0,0,0,0,1,0,0,0,0,0,0,2022,13,170,24,61,2022.4423076923076,0.49999999999999994,-0.8660254037844387,0.35460488704253584,-0.9350162426854147,0,0,1,57,-164,-165,163,119,36,-6,-140,-63,148.14285714285714,0
2022-06-20,0,0,0,0,0,0,1,0,0,0,0,0,0,2022,20,177,25,62,2022.4615384615386,0.49999999999999994,-0.8660254037844387,0.23931566428755768,-0.970941817426052,0,0,1,64,-157,-158,170,126,43,1,-133,-56,147.14285714285714,0
2022-06-27,0,0,0,0,0,0,1,0,0,0,0,0,0,2022,27,-181,26,63,2022.4807692307693,0.49999999999999994,-0.8660254037844387,0.12053668025532308,-0.992708874098054,0,0,0,71,-150,-151,177,133,50,8,-126,-49,146.14285714285714,0
2022-07-04,0,0,0,0,0,0,0,1,0,0,0,0,0,2022,4,-174,27,64,2022.5,1.2246467991473532e-16,-1.0,-3.216245299353273e-16,-1.0,0,0,0,78,-143,-144,-181,140,57,15,-119,-42,145.14285714285714,0
2022-07-11,0,0,0,0,0,0,0,1,0,0,0,0,0,2022,11,-167,28,65,2022.5192307692307,1.2246467991473532e-16,-1.0,-0.12053668025532283,-0.992708874098054,0,0,0,85,-136,-137,-174,147,64,22,-112,-35,144.14285714285714,0
2022-07-18,0,0,0,0,0,0,0,1,0,0,0,0,0,2022,18,-160,29,66,2022.5384615384614,1.2246467991473532e-16,-1.0,-0.23931566428755743,-0.9709418174260521,0,0,0,92,-129,-130,-167,154,71,29,-105,-28,143.14285714285714,0
2022-07-25,0,0,0,0,0,0,0,1,0,0,0,0,0,2022,25,-153,30,67,2022.5576923076924,1.2246467991473532e-16,-1.0,-0.3546048870425356,-0.9350162426854148,0,0,0,99,-122,-123,-160,161,78,36,-98,-21,142.14285714285714,0
2022-08-01,0,0,0,0,0,0,0,0,1,0,0,0,0,2022,1,-146,31,68,2022.576923076923,-0.4999999999999997,-0.8660254037844388,-0.46472317204376806,-0.8854560256532101,0,0,0,106,-115,-116,-153,168,85,43,-91,-14,141.14285714285714,0
2022-08-08,0,0,0,0,0,0,0,0,1,0,0,0,0,2022,8,-139,32,69,2022.5961538461538,-0.4999999999999997,-0.8660254037844388,-0.5680647467311556,-0.8229838658936565,0,0,0,113,-108,-109,-146,175,92,50,-84,-7,140.14285714285714,0
2022-08-15,0,0,0,0,0,0,0,0,1,0,0,0,0,2022,15,-132,33,70,2022.6153846153845,-0.4999999999999997,-0.8660254037844388,-0.663122658240795,-0.7485107481711013,0,0,0,120,-101,-102,-139,182,99,57,-77,0,139.14285714285714,0
2022-08-22,0,0,0,0,0,0,0,0,1,0,0,0,0,2022,22,-125,34,71,2022.6346153846155,-0.4999999999999997,-0.8660254037844388,-0.7485107481711011,-0.6631226582407952,0,0,0,127,-94,-95,-132,-176,106,64,-70,7,138.14285714285714,0
2022-08-29,0,0,0,0,0,0,0,0,1,0,0,0,0,2022,29,-118,35,72,2022.6538461538462,-0.4999999999999997,-0.8660254037844388,-0.8229838658936564,-0.5680647467311559,0,0,0,134,-87,-88,-125,-169,113,71,-63,14,137.14285714285714,0
2022-09-05,0,0,0,0,0,0,0,0,0,1,0,0,0,2022,5,-111,36,73,2022.673076923077,-0.8660254037844384,-0.5000000000000004,-0.8854560256532096,-0.4647231720437691,0,0,0,141,-80,-81,-118,-162,120,78,-56,21,136.14285714285714,0
2022-09-12,0,0,0,0,0,0,0,0,0,1,0,0,0,2022,12,-104,37,74,2022.6923076923076,-0.8660254037844384,-0.5000000000000004,-0.9350162426854147,-0.3546048870425359,0,0,0,148,-73,-74,-111,-155,127,85,-49,28,135.14285714285714,0
2022-09-19,0,0,0,0,0,0,0,0,0,1,0,0,0,2022,19,-97,38,75,2022.7115384615386,-0.8660254037844384,-0.5000000000000004,-0.970941817426052,-0.23931566428755774,0,0,0,155,-66,-67,-104,-148,134,92,-42,35,134.14285714285714,0
2022-09-26,0,0,0,0,0,0,0,0,0,1,0,0,0,2022,26,-90,39,76,2022.7307692307693,-0.8660254037844384,-0.5000000000000004,-0.992708874098054,-0.12053668025532357,0,0,0,162,-59,-60,-97,-141,141,99,-35,42,133.14285714285714,0
2022-10-03,0,0,0,0,0,0,0,0,0,0,1,0,0,2022,3,-83,40,77,2022.75,-1.0,-1.8369701987210297e-16,-1.0,-1.8369701987210297e-16,0,0,0,169,-52,-53,-90,-134,148,106,-28,49,132.14285714285714,0
2022-10-10,0,0,0,0,0,0,0,0,0,0,1,0,0,2022,10,-76,41,78,2022.7692307692307,-1.0,-1.8369701987210297e-16,-0.992708874098054,0.1205366802553232,0,0,0,176,-45,-46,-83,-127,155,113,-21,56,131.14285714285714,0
2022-10-17,0,0,0,0,0,0,0,0,0,0,1,0,0,2022,17,-69,42,79,2022.7884615384614,-1.0,-1.8369701987210297e-16,-0.9709418174260521,0.23931566428755738,0,0,0,-182,-38,-39,-76,-120,162,120,-14,63,130.14285714285714,0
2022-10-24,0,0,0,0,0,0,0,0,0,0,1,0,0,2022,24,-62,43,80,2022.8076923076924,-1.0,-1.8369701987210297e-16,-0.9350162426854148,0.35460488704253557,0,0,1,-175,-31,-32,-69,-113,169,127,-7,70,129.14285714285714,0
2022-10-31,0,0,0,0,0,0,0,0,0,0,1,0,0,2022,31,-55,44,81,2022.826923076923,-1.0,-1.8369701987210297e-16,-0.8854560256532101,0.464723172043768,1,0,1,-168,-24,-25,-62,-106,176,134,0,77,128.14285714285714,0
2022-11-07,0,0,0,0,0,0,0,0,0,0,0,1,0,2022,7,-48,45,82,2022.8461538461538,-0.8660254037844386,0.5000000000000001,-0.822983865893657,0.5680647467311548,0,0,1,-161,-17,-18,-55,-99,-182,141,7,84,127.14285714285714,0
2022-11-14,0,0,0,0,0,0,0,0,0,0,0,1,0,2022,14,-41,46,83,2022.8653846153845,-0.8660254037844386,0.5000000000000001,-0.7485107481711011,0.6631226582407952,0,0,0,-154,-10,-11,-48,-92,-175,148,14,91,126.14285714285714,0
2022-11-21,0,0,0,0,0,0,0,0,0,0,0,1,0,2022,21,-34,47,84,2022.8846153846155,-0.8660254037844386,0.5000000000000001,-0.6631226582407955,0.7485107481711007,0,0,1,-147,-3,-4,-41,-85,-168,155,21,98,125.14285714285714,0
2022-11-28,0,0,0,0,0,0,0,0,0,0,0,1,0,2022,28,-27,48,85,2022.9038461538462,-0.8660254037844386,0.5000000000000001,-0.5680647467311559,0.8229838658936564,0,0,1,-140,4,3,-34,-78,-161,162,28,105,124.14285714285714,0
2022-12-05,0,0,0,0,0,0,0,0,0,0,0,0,1,2022,5,-20,49,86,2022.923076923077,-0.5000000000000004,0.8660254037844384,-0.4647231720437684,0.88545602565321,0,0,0,-133,11,10,-27,-71,-154,169,35,112,123.14285714285714,0
2022-12-12,0,0,0,0,0,0,0,0,0,0,0,0,1,2022,12,-13,50,87,2022.9423076923076,-0.5000000000000004,0.8660254037844384,-0.35460488704253595,0.9350162426854147,0,0,0,-126,18,17,-20,-64,-147,176,42,119,122.14285714285714,0
2022-12-19,0,0,0,0,0,0,0,0,0,0,0,0,1,2022,19,-6,51,88,2022.9615384615386,-0.5000000000000004,0.8660254037844384,-0.2393156642875578,0.970941817426052,0,0,1,-119,25,24,-13,-57,-140,-182,49,126,121.14285714285714,0
2022-12-26,0,0,0,0,0,0,0,0,0,0,0,0,1,2022,26,1,52,89,2022.9807692307693,-0.5000000000000004,0.8660254037844384,-0.12053668025532363,0.992708874098054,0,0,1,-112,32,31,-6,-50,-133,-175,56,133,120.14285714285714,0
2023-01-02,0,1,0,0,0,0,0,0,0,0,0,0,0,2023,2,8,1,90,2023.0,0.0,1.0,0.0,1.0,0,0,1,-97,40,39,1,-43,-132,-167,63,140,119.14285714285714,0
2023-01-09,0,1,0,0,0,0,0,0,0,0,0,0,0,2023,9,15,2,91,2023.0192307692307,0.0,1.0,0.12053668025532305,0.992708874098054,0,0,0,-90,47,46,8,-36,-125,-160,70,147,118.14285714285714,0
2023-01-16,0,1,0,0,0,0,0,0,0,0,0,0,0,2023,16,22,3,92,2023.0384615384614,0.0,1.0,0.23931566428755774,0.970941817426052,0,0,0,-83,54,53,15,-29,-118,-153,77,154,117.14285714285714,0
2023-01-23,0,1,0,0,0,0,0,0,0,0,0,0,0,2023,23,29,4,93,2023.0576923076924,0.0,1.0,0.3546048870425356,0.9350162426854148,0,0,0,-76,61,60,22,-22,-111,-146,84,161,116.14285714285714,0
2023-01-30,0,1,0,0,0,0,0,0,0,0,0,0,0,2023,30,36,5,94,2023.076923076923,0.0,1.0,0.4647231720437685,0.8854560256532099,0,0,0,-69,68,67,29,-15,-104,-139,91,168,115.14285714285714,0
2023-02-06,0,0,1,0,0,0,0,0,0,0,0,0,0,2023,6,43,6,95,2023.0961538461538,0.49999999999999994,0.8660254037844387,0.5680647467311558,0.8229838658936564,0,0,0,-62,75,74,36,-8,-97,-132,98,175,114.14285714285714,0
2023-02-13,0,0,1,0,0,0,0,0,0,0,0,0,0,2023,13,50,7,96,2023.1153846153845,0.49999999999999994,0.8660254037844387,0.6631226582407952,0.7485107481711011,0,0,1,-55,82,81,43,-1,-90,-125,105,182,113.14285714285714,0
2023-02-20,0,0,1,0,0,0,0,0,0,0,0,0,0,2023,20,57,8,97,2023.1346153846155,0.49999999999999994,0.8660254037844387,0.7485107481711011,0.6631226582407953,0,0,1,-48,89,88,50,6,-83,-118,112,-176,112.14285714285714,0
2023-02-27,0,0,1,0,0,0,0,0,0,0,0,0,0,2023,27,64,9,98,2023.1538461538462,0.49999999999999994,0.8660254037844387,0.8229838658936564,0.5680647467311559,0,0,0,-41,96,95,57,13,-76,-111,119,-169,111.14285714285714,0
2023-03-06,0,0,0,1,0,0,0,0,0,0,0,0,0,2023,6,71,10,99,2023.173076923077,0.8660254037844386,0.5000000000000001,0.8854560256532099,0.4647231720437686,0,0,0,-34,103,102,64,20,-69,-104,126,-162,110.14285714285714,0
2023-03-13,0,0,0,1,0,0,0,0,0,0,0,0,0,2023,13,78,11,100,2023.1923076923076,0.8660254037844386,0.5000000000000001,0.9350162426854148,0.35460488704253557,0,0,0,-27,110,109,71,27,-62,-97,133,-155,109.14285714285714,0
2023-03-20,0,0,0,1,0,0,0,0,0,0,0,0,0,2023,20,85,12,101,2023.2115384615386,0.8660254037844386,0.5000000000000001,0.970941817426052,0.23931566428755804,0,0,0,-20,117,116,78,34,-55,-90,140,-148,108.14285714285714,0
2023-03-27,0,0,0,1,0,0,0,0,0,0,0,0,0,2023,27,92,13,102,2023.2307692307693,0.8660254037844386,0.5000000000000001,0.992708874098054,0.120536680255323,0,0,0,-13,124,123,85,41,-48,-83,147,-141,107.14285714285714,0
2023-04-03,0,0,0,0,1,0,0,0,0,0,0,0,0,2023,3,99,14,103,2023.25,1.0,6.123233995736766e-17,1.0,-1.6081226496766364e-16,0,0,1,-6,131,130,92,48,-41,-76,154,-134,106.14285714285714,0
2023-04-10,0,0,0,0,1,0,0,0,0,0,0,0,0,2023,10,106,15,104,2023.2692307692307,1.0,6.123233995736766e-17,0.992708874098054,-0.12053668025532288,0,0,1,1,138,137,99,55,-34,-69,161,-127,105.14285714285714,0
2023-04-17,0,0,0,0,1,0,0,0,0,0,0,0,0,2023,17,113,16,105,2023.2884615384614,1.0,6.123233995736766e-17,0.9709418174260521,-0.2393156642875575,0,0,0,8,145,144,106,62,-27,-62,168,-120,104.14285714285714,0
2023-04-24,0,0,0,0,1,0,0,0,0,0,0,0,0,2023,24,120,17,106,2023.3076923076924,1.0,6.123233995736766e-17,0.9350162426854148,-0.35460488704253545,0,0,0,15,152,151,113,69,-20,-55,175,-113,103.14285714285714,0
2023-05-01,0,0,0,0,0,1,0,0,0,0,0,0,0,2023,1,127,18,107,2023.326923076923,0.8660254037844387,-0.4999999999999998,0.8854560256532099,-0.4647231720437685,0,0,0,22,159,158,120,76,-13,-48,182,-106,102.14285714285714,0
2023-05-08,0,0,0,0,0,1,0,0,0,0,0,0,0,2023,8,134,19,108,2023.3461538461538,0.8660254037844387,-0.4999999999999998,0.8229838658936565,-0.5680647467311557,0,0,1,29,166,165,127,83,-6,-41,-176,-99,101.14285714285714,0
2023-05-15,0,0,0,0,0,1,0,0,0,0,0,0,0,2023,15,141,20,109,2023.3653846153845,0.8660254037844387,-0.4999999999999998,0.7485107481711013,-0.663122658240795,0,0,1,36,173,172,134,90,1,-34,-169,-92,100.14285714285714,0
2023-05-22,0,0,0,0,0,1,0,0,0,0,0,0,0,2023,22,148,21,110,2023.3846153846155,0.8660254037844387,-0.4999999999999998,0.6631226582407952,-0.7485107481711012,0,0,0,43,180,179,141,97,8,-27,-162,-85,99.14285714285714,0
2023-05-29,0,0,0,0,0,1,0,0,0,0,0,0,0,2023,29,155,22,111,2023.4038461538462,0.8660254037844387,-0.4999999999999998,0.5680647467311558,-0.8229838658936564,0,0,0,50,-178,-179,148,104,15,-20,-155,-78,98.14285714285714,0
2023-06-05,0,0,0,0,0,0,1,0,0,0,0,0,0,2023,5,162,23,112,2023.423076923077,0.49999999999999994,-0.8660254037844387,0.46472317204376906,-0.8854560256532096,0,0,0,57,-171,-172,155,111,22,-13,-148,-71,97.14285714285714,0
2023-06-12,0,0,0,0,0,0,1,0,0,0,0,0,0,2023,12,169,24,113,2023.4423076923076,0.49999999999999994,-0.8660254037844387,0.35460488704253584,-0.9350162426854147,0,0,1,64,-164,-165,162,118,29,-6,-141,-64,96.14285714285714,0
2023-06-19,0,0,0,0,0,0,1,0,0,0,0,0,0,2023,19,176,25,114,2023.4615384615386,0.49999999999999994,-0.8660254037844387,0.23931566428755768,-0.970941817426052,0,0,1,71,-157,-158,169,125,36,1,-134,-57,95.14285714285714,0
2023-06-26,0,0,0,0,0,0,1,0,0,0,0,0,0,2023,26,-182,26,115,2023.4807692307693,0.49999999999999994,-0.8660254037844387,0.12053668025532308,-0.992708874098054,0,0,0,78,-150,-151,176,132,43,8,-127,-50,94.14285714285714,0
2023-07-03,0,0,0,0,0,0,0,1,0,0,0,0,0,2023,3,-175,27,116,2023.5,1.2246467991473532e-16,-1.0,-3.216245299353273e-16,-1.0,0,0,0,85,-143,-144,-182,139,50,15,-120,-43,93.14285714285714,0
2023-07-10,0,0,0,0,0,0,0,1,0,0,0,0,0,2023,10,-168,28,117,2023.5192307692307,1.2246467991473532e-16,-1.0,-0.12053668025532283,-0.992708874098054,0,0,0,92,-136,-137,-175,146,57,22,-113,-36,92.14285714285714,0
2023-07-17,0,0,0,0,0,0,0,1,0,0,0,0,0,2023,17,-161,29,118,2023.5384615384614,1.2246467991473532e-16,-1.0,-0.23931566428755743,-0.9709418174260521,0,0,0,99,-129,-130,-168,153,64,29,-106,-29,91.14285714285714,0
2023-07-24,0,0,0,0,0,0,0,1,0,0,0,0,0,2023,24,-154,30,119,2023.5576923076924,1.2246467991473532e-16,-1.0,-0.3546048870425356,-0.9350162426854148,0,0,0,106,-122,-123,-161,160,71,36,-99,-22,90.14285714285714,0
2023-07-31,0,0,0,0,0,0,0,1,0,0,0,0,0,2023,31,-147,31,120,2023.576923076923,1.2246467991473532e-16,-1.0,-0.46472317204376806,-0.8854560256532101,1,0,0,113,-115,-116,-154,167,78,43,-92,-15,89.14285714285714,0
2023-08-07,0,0,0,0,0,0,0,0,1,0,0,0,0,2023,7,-140,32,121,2023.5961538461538,-0.4999999999999997,-0.8660254037844388,-0.5680647467311556,-0.8229838658936565,0,0,0,120,-108,-109,-147,174,85,50,-85,-8,88.14285714285714,0
2023-08-14,0,0,0,0,0,0,0,0,1,0,0,0,0,2023,14,-133,33,122,2023.6153846153845,-0.4999999999999997,-0.8660254037844388,-0.663122658240795,-0.7485107481711013,0,0,0,127,-101,-102,-140,181,92,57,-78,-1,87.14285714285714,0
2023-08-21,0,0,0,0,0,0,0,0,1,0,0,0,0,2023,21,-126,34,123,2023.6346153846155,-0.4999999999999997,-0.8660254037844388,-0.7485107481711011,-0.6631226582407952,0,0,0,134,-94,-95,-133,-177,99,64,-71,6,86.14285714285714,0
2023-08-28,0,0,0,0,0,0,0,0,1,0,0,0,0,2023,28,-119,35,124,2023.6538461538462,-0.4999999999999997,-0.8660254037844388,-0.8229838658936564,-0.5680647467311559,0,0,0,141,-87,-88,-126,-170,106,71,-64,13,85.14285714285714,0
2023-09-04,0,0,0,0,0,0,0,0,0,1,0,0,0,2023,4,-112,36,125,2023.673076923077,-0.8660254037844384,-0.5000000000000004,-0.8854560256532096,-0.4647231720437691,0,0,0,148,-80,-81,-119,-163,113,78,-57,20,84.14285714285714,0
2023-09-11,0,0,0,0,0,0,0,0,0,1,0,0,0,2023,11,-105,37,126,2023.6923076923076,-0.8660254037844384,-0.5000000000000004,-0.9350162426854147,-0.3546048870425359,0,0,0,155,-73,-74,-112,-156,120,85,-50,27,83.14285714285714,0
2023-09-18,0,0,0,0,0,0,0,0,0,1,0,0,0,2023,18,-98,38,127,2023.7115384615386,-0.8660254037844384,-0.5000000000000004,-0.970941817426052,-0.23931566428755774,0,0,0,162,-66,-67,-105,-149,127,92,-43,34,82.14285714285714,0
2023-09-25,0,0,0,0,0,0,0,0,0,1,0,0,0,2023,25,-91,39,128,2023.7307692307693,-0.8660254037844384,-0.5000000000000004,-0.992708874098054,-0.12053668025532357,0,0,0,169,-59,-60,-98,-142,134,99,-36,41,81.14285714285714,0
2023-10-02,0,0,0,0,0,0,0,0,0,0,1,0,0,2023,2,-84,40,129,2023.75,-1.0,-1.8369701987210297e-16,-1.0,-1.8369701987210297e-16,0,0,0,176,-52,-53,-91,-135,141,106,-29,48,80.14285714285714,0
2023-10-09,0,0,0,0,0,0,0,0,0,0,1,0,0,2023,9,-77,41,130,2023.7692307692307,-1.0,-1.8369701987210297e-16,-0.992708874098054,0.1205366802553232,0,0,0,183,-45,-46,-84,-128,148,113,-22,55,79.14285714285714,0
2023-10-16,0,0,0,0,0,0,0,0,0,0,1,0,0,2023,16,-70,42,131,2023.7884615384614,-1.0,-1.8369701987210297e-16,-0.9709418174260521,0.23931566428755738,0,0,0,-176,-38,-39,-77,-121,155,120,-15,62,78.14285714285714,0
2023-10-23,0,0,0,0,0,0,0,0,0,0,1,0,0,2023,23,-63,43,132,2023.8076923076924,-1.0,-1.8369701987210297e-16,-0.9350162426854148,0.35460488704253557,0,0,0,-169,-31,-32,-70,-114,162,127,-8,69,77.14285714285714,0
2023-10-30,0,0,0,0,0,0,0,0,0,0,1,0,0,2023,30,-56,44,133,2023.826923076923,-1.0,-1.8369701987210297e-16,-0.8854560256532101,0.464723172043768,0,0,1,-162,-24,-25,-63,-107,169,134,-1,76,76.14285714285714,0
2023-11-06,0,0,0,0,0,0,0,0,0,0,0,1,0,2023,6,-49,45,134,2023.8461538461538,-0.8660254037844386,0.5000000000000001,-0.822983865893657,0.5680647467311548,0,0,1,-155,-17,-18,-56,-100,176,141,6,83,75.14285714285714,0
2023-11-13,0,0,0,0,0,0,0,0,0,0,0,1,0,2023,13,-42,46,135,2023.8653846153845,-0.8660254037844386,0.5000000000000001,-0.7485107481711011,0.6631226582407952,0,0,0,-148,-10,-11,-49,-93,183,148,13,90,74.14285714285714,0
2023-11-20,0,0,0,0,0,0,0,0,0,0,0,1,0,2023,20,-35,47,136,2023.8846153846155,-0.8660254037844386,0.5000000000000001,-0.6631226582407955,0.7485107481711007,0,0,1,-141,-3,-4,-42,-86,-176,155,20,97,73.14285714285714,0
2023-11-27,0,0,0,0,0,0,0,0,0,0,0,1,0,2023,27,-28,48,137,2023.9038461538462,-0.8660254037844386,0.5000000000000001,-0.5680647467311559,0.8229838658936564,0,0,1,-134,4,3,-35,-79,-169,162,27,104,72.14285714285714,0
2023-12-04,0,0,0,0,0,0,0,0,0,0,0,0,1,2023,4,-21,49,138,2023.923076923077,-0.5000000000000004,0.8660254037844384,-0.4647231720437684,0.88545602565321,0,0,0,-127,11,10,-28,-72,-162,169,34,111,71.14285714285714,0
2023-12-11,0,0,0,0,0,0,0,0,0,0,0,0,1,2023,11,-14,50,139,2023.9423076923076,-0.5000000000000004,0.8660254037844384,-0.35460488704253595,0.9350162426854147,0,0,0,-120,18,17,-21,-65,-155,176,41,118,70.14285714285714,0
2023-12-18,0,0,0,0,0,0,0,0,0,0,0,0,1,2023,18,-7,51,140,2023.9615384615386,-0.5000000000000004,0.8660254037844384,-0.2393156642875578,0.970941817426052,0,0,1,-113,25,24,-14,-58,-148,183,48,125,69.14285714285714,0
2023-12-25,0,0,0,0,0,0,0,0,0,0,0,0,1,2023,25,0,52,141,2023.9807692307693,-0.5000000000000004,0.8660254037844384,-0.12053668025532363,0.992708874098054,0,0,1,-106,32,31,-7,-51,-141,-176,55,132,68.14285714285714,0
2024-01-01,0,1,0,0,0,0,0,0,0,0,0,0,0,2024,1,7,1,142,2024.0,0.0,1.0,0.0,1.0,0,0,1,-90,34,33,0,-44,-132,-167,62,139,67.14285714285714,0
2024-01-08,0,1,0,0,0,0,0,0,0,0,0,0,0,2024,8,14,2,143,2024.0192307692307,0.0,1.0,0.12053668025532305,0.992708874098054,0,0,1,-83,41,40,7,-37,-125,-160,69,146,66.14285714285714,0
2024-01-15,0,1,0,0,0,0,0,0,0,0,0,0,0,2024,15,21,3,144,2024.0384615384614,0.0,1.0,0.23931566428755774,0.970941817426052,0,0,0,-76,48,47,14,-30,-118,-153,76,153,65.14285714285714,0
2024-01-22,0,1,0,0,0,0,0,0,0,0,0,0,0,2024,22,28,4,145,2024.0576923076924,0.0,1.0,0.3546048870425356,0.9350162426854148,0,0,0,-69,55,54,21,-23,-111,-146,83,160,64.14285714285714,0
2024-01-29,0,1,0,0,0,0,0,0,0,0,0,0,0,2024,29,35,5,146,2024.076923076923,0.0,1.0,0.4647231720437685,0.8854560256532099,0,0,0,-62,62,61,28,-16,-104,-139,90,167,63.142857142857146,0
2024-02-05,0,0,1,0,0,0,0,0,0,0,0,0,0,2024,5,42,6,147,2024.0961538461538,0.49999999999999994,0.8660254037844387,0.5680647467311558,0.8229838658936564,0,0,0,-55,69,68,35,-9,-97,-132,97,174,62.142857142857146,0
2024-02-12,0,0,1,0,0,0,0,0,0,0,0,0,0,2024,12,49,7,148,2024.1153846153845,0.49999999999999994,0.8660254037844387,0.6631226582407952,0.7485107481711011,0,0,1,-48,76,75,42,-2,-90,-125,104,181,61.142857142857146,0
2024-02-19,0,0,1,0,0,0,0,0,0,0,0,0,0,2024,19,56,8,149,2024.1346153846155,0.49999999999999994,0.8660254037844387,0.7485107481711011,0.6631226582407953,0,0,1,-41,83,82,49,5,-83,-118,111,-178,60.142857142857146,0
2024-02-26,0,0,1,0,0,0,0,0,0,0,0,0,0,2024,26,63,9,150,2024.1538461538462,0.49999999999999994,0.8660254037844387,0.8229838658936564,0.5680647467311559,0,0,0,-34,90,89,56,12,-76,-111,118,-171,59.142857142857146,0
2024-03-04,0,0,0,1,0,0,0,0,0,0,0,0,0,2024,4,70,10,151,2024.173076923077,0.8660254037844386,0.5000000000000001,0.8854560256532099,0.4647231720437686,0,0,0,-27,97,96,63,19,-69,-104,125,-164,58.142857142857146,0
2024-03-11,0,0,0,1,0,0,0,0,0,0,0,0,0,2024,11,77,11,152,2024.1923076923076,0.8660254037844386,0.5000000000000001,0.9350162426854148,0.35460488704253557,0,0,0,-20,104,103,70,26,-62,-97,132,-157,57.142857142857146,0
2024-03-18,0,0,0,1,0,0,0,0,0,0,0,0,0,2024,18,84,12,153,2024.2115384615386,0.8660254037844386,0.5000000000000001,0.970941817426052,0.23931566428755804,0,0,0,-13,111,110,77,33,-55,-90,139,-150,56.142857142857146,0
2024-03-25,0,0,0,1,0,0,0,0,0,0,0,0,0,2024,25,91,13,154,2024.2307692307693,0.8660254037844386,0.5000000000000001,0.992708874098054,0.120536680255323,0,0,1,-6,118,117,84,40,-48,-83,146,-143,55.142857142857146,0
2024-04-01,0,0,0,0,1,0,0,0,0,0,0,0,0,2024,1,98,14,155,2024.25,1.0,6.123233995736766e-17,1.0,-1.6081226496766364e-16,0,0,1,1,125,124,91,47,-41,-76,153,-136,54.142857142857146,0
2024-04-08,0,0,0,0,1,0,0,0,0,0,0,0,0,2024,8,105,15,156,2024.2692307692307,1.0,6.123233995736766e-17,0.992708874098054,-0.12053668025532288,0,0,0,8,132,131,98,54,-34,-69,160,-129,53.142857142857146,0
2024-04-15,0,0,0,0,1,0,0,0,0,0,0,0,0,2024,15,112,16,157,2024.2884615384614,1.0,6.123233995736766e-17,0.9709418174260521,-0.2393156642875575,0,0,0,15,139,138,105,61,-27,-62,167,-122,52.142857142857146,0
2024-04-22,0,0,0,0,1,0,0,0,0,0,0,0,0,2024,22,119,17,158,2024.3076923076924,1.0,6.123233995736766e-17,0.9350162426854148,-0.35460488704253545,0,0,0,22,146,145,112,68,-20,-55,174,-115,51.142857142857146,0
2024-04-29,0,0,0,0,1,0,0,0,0,0,0,0,0,2024,29,126,18,159,2024.326923076923,1.0,6.123233995736766e-17,0.8854560256532099,-0.4647231720437685,0,0,0,29,153,152,119,75,-13,-48,181,-108,50.142857142857146,0
2024-05-06,0,0,0,0,0,1,0,0,0,0,0,0,0,2024,6,133,19,160,2024.3461538461538,0.8660254037844387,-0.4999999999999998,0.8229838658936565,-0.5680647467311557,0,0,1,36,160,159,126,82,-6,-41,-178,-101,49.142857142857146,0
2024-05-13,0,0,0,0,0,1,0,0,0,0,0,0,0,2024,13,140,20,161,2024.3653846153845,0.8660254037844387,-0.4999999999999998,0.7485107481711013,-0.663122658240795,0,0,1,43,167,166,133,89,1,-34,-171,-94,48.142857142857146,0
2024-05-20,0,0,0,0,0,1,0,0,0,0,0,0,0,2024,20,147,21,162,2024.3846153846155,0.8660254037844387,-0.4999999999999998,0.6631226582407952,-0.7485107481711012,0,0,0,50,174,173,140,96,8,-27,-164,-87,47.142857142857146,0
